timestamp,price
1720004813314,60187.361785738554
1720008622841,60184.708109952655
1720012227767,59806.87425955481
1720015357903,60506.81684105061
1720019116910,60217.68768076043
1720022579727,60119.6569758108
1720026687941,60377.64969349297
1720029981455,60324.50778147703
1720033568389,60095.36814276449
1720037437963,59745.8278835818
1720040490281,59563.92273028924
1720044623374,60147.75475815409
1720048081617,60242.774086307996
1720051731868,60182.99341375096
1720054958125,60398.52778331812
1720059091716,58128.71854045257
1720062541076,58985.14563324322
1720065766174,59009.12315743557
1720069890724,58885.9191753607
1720073257267,58843.83146867757
1720076869662,58789.69562511361
1720080151123,58124.717085173885
1720083927772,57698.935090308485
1720087287030,57698.55900732324
1720091249284,57894.75871114661
1720094773930,57706.01159970372
1720098226042,57168.94874544772
1720101931314,57358.67759833075
1720105428590,57370.60684322405
1720109051489,58065.96228550596
1720112990362,58221.29097238483
1720116090623,58238.60231609168
1720119644727,58075.17630147742
1720123267353,58318.97815504438
1720127100191,58290.889295057714
1720130569352,58389.28828003514
1720134331679,57977.618267917234
1720138083254,56964.89845388565
1720141835352,57269.70112636575
1720145203367,57190.18450577283
1720148756742,55751.13182015238
1720152175198,55197.23024185425
1720155638860,54234.46102821286
1720159389260,54729.63347115223
1720163279741,54223.11485670683
1720166574475,54418.5635099566
1720170603048,54092.795612600225
1720173723491,54522.68854880229
1720177815176,55227.4865465324
1720180906091,55366.60067782515
1720184864096,54936.95011602988
1720188405460,55737.7791459337
1720192168920,55994.59616618292
1720195518173,56504.436037084044
1720199027930,56409.59452028133
1720202921222,56281.63515255188
1720206232933,56591.298063439535
1720209668843,56509.933539596364
1720213736403,56438.716344729
1720216841274,56553.24477868303
1720221001932,56698.72907688161
1720224277161,56629.385370653035
1720227807251,56608.03289117455
1720231695167,56285.31824253886
1720235283163,56467.29897438971
1720238566685,56394.706658808456
1720242669734,56131.69308214469
1720245853533,56361.79921082392
1720249737558,56539.98696171798
1720253400493,56572.92694465827
1720256465288,56541.904109523944
1720260646378,56863.12735940271
1720263694650,56790.46071398649
1720267409122,56748.36685107091
1720271047823,56756.245179941834
1720274713819,57062.742343744445
1720278101419,57083.40536437106
1720281745467,57366.77809389919
1720285545600,57810.765009932824
1720289378468,57947.06170135348
1720292725418,57813.343724905506
1720296113571,57866.75874984947
1720299698531,57985.690853238055
1720303252289,57901.975234448684
1720307320525,58118.23158999541
1720310700058,58336.39320841542
1720314263205,57930.589817731445
1720318064365,58217.86704538009
1720321538816,58367.63476849108
1720325288217,57961.16938566457
1720328576333,57602.53656933289
1720332089147,57614.244419987604
1720336032674,57698.3289289013
1720339675557,57477.74226329975
1720343312264,57660.391301077514
1720346872807,57729.20597341802
1720350266259,57485.89154547834
1720354067903,57414.5867866749
1720357565450,57309.967428440556
1720361328625,56741.41303442024
1720364919068,56848.64612147306
1720368542967,56809.69911110347
1720371713380,57108.63346902946
1720375306842,57238.73383879574
1720379446759,57057.44481551815
1720383124192,57093.86317750543
1720386096649,57296.96660345792
1720390176537,56809.94416008742
1720393696557,56389.651047822634
1720397381513,55665.50758753673
1720400867667,54694.86459884712
1720404573949,55213.38815490327
1720407905174,55396.519708519016
1720411709725,55025.22260368881
1720415326003,55785.061610609024
1720418996571,55354.01899007526
1720422686913,55578.32904619587
1720425767435,55870.11485741787
1720429434632,57830.63033797767
1720432826546,57543.02710593034
1720436975831,57098.05571310766
1720440046474,57174.52369637582
1720443922997,57113.30392938364
1720447869981,57174.761027458735
1720451310189,56147.667667750386
1720454879771,55900.07293813785
1720458199880,55788.06515828271
1720461990973,56262.0759371943
1720465687699,56269.95063365189
1720469326617,56422.52552168747
1720473109913,56189.472665363304
1720476670054,56575.6391876632
1720480284068,56629.642680243116
1720483894787,56656.077519140876
1720487534503,56652.670180661175
1720491123680,56537.89393298765
1720494104520,57046.177208635614
1720497628293,57249.33058293234
1720501369184,57350.80626484425
1720505318831,57203.67043538741
1720509216466,57445.96050089266
1720512165437,57035.29781246321
1720515692965,57569.56359723347
1720519672904,57609.835223134076
1720523264802,57365.17967731459
1720526526367,57430.07503978041
1720530316148,57314.81306241486
1720533784544,57299.48245282225
1720537790802,57046.93007318228
1720541012067,57498.42673511476
1720544985995,57735.56914114846
1720548537178,57482.99678227092
1720552079268,57747.37126323914
1720555956111,57853.374358103756
1720559345172,57881.227013618976
1720562623757,57805.457000784845
1720566058081,58104.584924006485
1720569828078,58024.67810475922
1720573471632,57433.663488226885
1720577081605,57794.01316908335
1720580504311,57862.37966313371
1720584544032,58416.74800356028
1720588001963,59322.44639497513
1720591421274,58959.98538431959
1720595193457,59224.95641433284
1720598433438,58934.74397520808
1720602569956,58726.68262157396
1720606157667,58525.43229642345
1720609850368,58637.352649726825
1720613017925,58471.76288258034
1720616983767,58243.61956733745
1720620364755,57741.71178853094
1720624136193,57727.28810615516
1720627770562,57890.025190256805
1720630902217,57693.63099937461
1720635088468,57727.36032267409
1720638055571,57606.155494774655
1720642122610,57424.563982140964
1720645328672,57360.11575688227
1720648828434,57500.295458246415
1720653048341,57641.731671041474
1720656718571,57602.44949167954
1720660041495,57533.162961846465
1720663701765,58119.41406016719
1720667397296,57860.78551998178
1720670542530,57589.06887441622
1720674020044,57768.44382293428
1720678101053,58076.91671631687
1720681560240,57989.5194491571
1720685283601,58297.18918785991
1720688996078,58256.651035990544
1720692079534,58217.333484961615
1720696308246,58436.02488593827
1720699447742,58765.42029888775
1720702862798,58840.32992799079
1720706880875,58604.825054720255
1720710567406,57774.331554442106
1720713864820,57329.457940100125
1720717341005,57668.66994067551
1720720804950,57912.59210688968
1720724965144,57822.78440051746
1720728631910,57421.80533459587
1720732012080,57574.581649158696
1720735431035,57478.910091199745
1720739228088,57326.79288021803
1720742776153,57338.42217109978
1720746590228,57216.44460565351
1720750191443,56936.17300287056
1720753643821,57192.455603272676
1720757070942,56936.720942246706
1720761036894,56965.33819815058
1720764409775,57038.86797735148
1720767912409,57209.35935761241
1720771430507,57115.19554576349
1720775287281,57260.47198887669
1720778739266,56930.13742657175
1720782416600,57182.36962822978
1720785626511,57072.07994343006
1720789621779,57372.5993447411
1720793300022,57774.712259476575
1720797147011,57978.398184404345
1720800102442,58208.3158678381
1720804085467,58039.52322800936
1720807633532,58094.47666252344
1720810892408,58310.980967776224
1720814890479,57724.6294394471
1720818118863,57564.47481376711
1720821706040,57601.242232101686
1720825611258,57741.78760598596
1720829229039,57876.37384720089
1720832959898,57818.993836784706
1720836613026,57875.27087694104
1720839885145,57965.91700566508
1720843235562,57834.463134063
1720846838147,57795.28976894547
1720850532256,58079.32469343483
1720854150380,58051.95310684931
1720857996365,58143.43107347114
1720861273976,58031.620969251846
1720864966594,58713.8547786192
1720868817050,58409.624456662576
1720872255093,58516.533287708495
1720876053016,58775.55485087848
1720879499740,58600.15872525685
1720883030580,58788.63907304515
1720886902141,58799.39040493895
1720890226173,58620.62628856922
1720894190269,58775.69500096371
1720897764818,58667.7987229473
1720901367579,58607.32407797006
1720904627540,58611.52229196427
1720908503286,58697.87243688947
1720911675611,59468.70435751196
1720915434577,59243.90724033287
1720919203234,59853.44861354578
1720922695156,59743.941788773656
1720926088366,59379.36393666037
1720929761655,59488.175182718296
1720933681183,60150.163597970684
1720937408056,60214.36763074621
1720940995258,59984.65762595794
1720944297924,60097.322837311534
1720948198821,60271.26869875073
1720951760681,60177.292569808065
1720955016203,59941.15613408041
1720958659221,60118.991511978995
1720962181943,59612.65548216775
1720965817096,59711.46094543786
1720969433476,60065.86230213515
1720972907238,60161.01663767256
1720976551147,60105.30674070386
1720980584279,60059.69256017659
1720983687049,60050.742527089096
1720987686795,59931.33689327525
1720991205508,60067.87504727605
1720994962032,61154.25049027309
1720998624402,60853.24309488443
1721002161002,60881.48885782499
1721005656227,61229.480385878865
1721009000503,61426.756346514296
1721012533357,62576.12941558953
1721016205138,62652.102418708375
1721020189582,62601.21539596413
1721023887097,62758.97597203408
1721027136325,62949.67638884755
1721030598690,62890.40632199661
1721034414460,62780.86549256509
1721038109337,62751.71811398488
1721041884499,62580.176000609245
1721045046838,62468.314406226025
1721048810037,62732.57146771641
1721052715503,62865.69466528791
1721056085395,63270.41832525062
1721059380311,63072.320176727175
1721063251234,63281.61714686876
1721066627821,63128.74570297137
1721070308379,63556.877053620046
1721073827154,63425.52176425553
1721077714458,63765.75236709564
1721081480785,63705.15201182238
1721084808732,64315.59239185009
1721088599658,64894.80923587094
1721091854722,64636.81716840933
1721095916362,64781.59633903313
1721099120442,64885.241268445745
1721102709705,64774.95557913305
1721106009470,64516.59579834891
1721109980553,63630.04229989184
1721113565601,62801.117747491146
1721116858634,62909.93699601887
1721120866728,62768.69454731729
1721124540330,63136.05202803013
1721127671759,63481.47969338322
1721131492927,63795.90436231302
1721135179874,63774.623843572
1721138850507,63179.658545696824
1721142511879,63898.0794376149
1721146025641,65235.73062171311
1721149470090,64435.20570024861
1721152941050,64566.00222661687
1721156567814,64780.92991307614
1721160652288,65144.970819556984
1721164160075,64772.756090466675
1721167589181,64566.06071322991
1721171292343,64698.987079558225
1721174886489,65178.21786410649
1721178633147,65621.07086132235
1721181721220,65663.96246100322
1721185760596,65724.43070784534
1721189044908,65727.38563188832
1721193211338,65866.76728301505
1721196440297,65691.81355407793
1721200338701,65580.27545006957
1721203779645,65316.587628053414
1721207120758,65203.83934198469
1721210950870,65209.820079650875
1721214402732,65077.63026247519
1721218120018,64838.2623882498
1721221426557,64734.50728516352
1721225454493,65021.51236363203
1721228696636,65024.15480192185
1721232520207,64689.74595192153
1721236070908,64340.502941883205
1721239661357,64246.41763737234
1721243305414,64576.21887222642
1721246714204,64591.54908451396
1721250039330,64523.47476463111
1721253994001,64352.04165931211
1721257502078,64288.46405518303
1721261001358,64101.49229397971
1721264444078,64543.149741454596
1721268272166,64667.536281704495
1721272156174,64638.949054802986
1721275762208,64785.32198038902
1721279494973,64639.0270103694
1721283094851,64817.12652407137
1721286364201,65005.47170329841
1721289811488,64714.2525694089
1721293357499,64955.2253984854
1721297524854,64720.07674355206
1721301054036,64619.52454366042
1721304107150,64667.49854157397
1721307609263,64897.466640545805
1721311447986,64654.91835236968
1721315383163,63771.94116284888
1721319245584,63676.04850620038
1721322573031,63940.49373036791
1721325776875,63590.66331234905
1721329337513,63590.63618283955
1721333533311,63604.750257719155
1721336907350,63747.28527433048
1721340738848,63705.35583839652
1721344307763,63981.370034196996
1721347727153,63975.96715356269
1721351130831,63565.528204915856
1721354550260,63809.22054036418
1721358321433,63838.349226737955
1721362322194,64192.30665062532
1721365785217,64130.08316868449
1721368823847,64221.280424641045
1721372727229,64183.36643211268
1721376666615,63824.805155061695
1721380138242,63869.76609325864
1721383461983,63672.044363448615
1721387204573,64091.17432236077
1721390659242,64043.14970164301
1721394652763,64397.689991955085
1721398048356,65163.527672846656
1721401211015,65658.89779660033
1721405370870,66380.8935458446
1721408970105,66302.72588518042
1721412727621,66571.72882588342
1721415761784,66829.52204964789
1721419354315,67265.13367947098
1721423015086,66943.57401197092
1721426552715,66917.57260080865
1721430394618,66726.52875458487
1721434204564,66659.36403104197
1721437426051,66484.87866164831
1721440838255,66298.72115095778
1721444723047,66623.85624202447
1721448585771,66566.6291426702
1721452185385,66642.59233018276
1721455675479,66568.17448441216
1721458959169,66659.32423637372
1721462959746,66534.62101397967
1721466275930,66548.11927255774
1721470171855,66660.80847569843
1721473483894,66560.43534812235
1721476864218,66509.77639051678
1721480859527,66527.26100565071
1721484575273,66588.76510262096
1721488183806,66655.35074566986
1721491780472,66832.32565565783
1721494889318,66853.12817378907
1721498693185,67450.51323577235
1721502542921,67448.6858895166
1721506083931,67338.0822557102
1721509315316,67379.16287937594
1721512994211,67124.6556080514
1721517016843,67134.53160659164
1721520623454,67104.22118882959
1721523792519,67056.21625885785
1721527459414,67291.21529491036
1721530867524,67331.53643498228
1721534604523,67202.73761655409
1721538184194,67053.89070690276
1721542073838,67090.70761465676
1721545419233,66718.61623587705
1721548851192,66756.57142290594
1721552452513,66822.40282024264
1721556112848,66985.74445047512
1721559678817,66886.69605388425
1721563375153,66883.90222199584
1721567452531,66996.57279289034
1721570956594,66839.245024825
1721574197822,67292.99518997723
1721577883631,67212.4979759114
1721581589859,67517.0750399032
1721585321999,66656.74254454274
1721589046474,66804.10902865918
1721592652689,67295.51327779717
1721595831855,67719.15538596455
1721599611954,68175.02451860612
1721603087060,68011.0273007143
1721606557090,68167.78452534138
1721610182487,68080.21310452391
1721614096435,67851.81640902247
1721617744463,68023.17556490241
1721620920371,67895.44798763118
1721625257617,67820.19042115669
1721628153617,67638.94662805958
1721631695508,67414.73512180289
1721635713515,67241.16858195442
1721639504462,67237.8760447406
1721642530104,67362.28937566605
1721646527379,67449.56524078002
1721649756944,67548.3359838079
1721653848353,67801.39836980225
1721656892075,67088.71348756884
1721660870734,66849.48086882262
1721664152687,67071.9820190575
1721667908037,67004.33329835009
1721671346915,67406.17177075725
1721675452781,67445.01970549818
1721679070694,68038.46451277829
1721682697416,67928.24675408697
1721685761284,67821.51442139022
1721689711030,67530.50708584284
1721693385550,67620.04159250173
1721697063129,67443.08356677454
1721700656679,67495.34424861985
1721704053038,67681.93315249645
1721707488781,67466.64586739332
1721710988608,66997.752572542
1721715150475,66728.26447054958
1721718395203,66573.96799512621
1721721748316,66547.68902864128
1721725250858,66955.89302043982
1721728833757,67022.61489615958
1721732436914,66927.7693718335
1721736278783,66707.65415572512
1721739949436,66547.64952858085
1721743466019,66115.13852805208
1721746937922,67232.1099529616
1721752696274,66302.5528078418
1721756051099,65978.17813004697
1721759783982,65785.50593896376
1721762208605,66006.08864290864
1721765061992,65550.6111010191
1721768421042,65939.65251217571
1721772538956,65965.60423006085
1721775691485,65930.88044053968
1721779220769,65942.41746522837
1721783082498,65779.77376801085
1721786654342,65679.16569478507
1721790280216,65951.1084397178
1721793862911,66050.72687483058
1721798173937,65795.95176953415
1721801812350,65872.72631174345
1721806354690,66016.74289789269
1721809108753,66000.76658129529
1721811640958,66456.47345126314
1721817229151,66396.04869726383
1721820694766,66467.54238124813
1721823505633,66438.95525412414
1721827020022,66476.10276492724
1721831064388,66795.09729397231
1721834932865,66190.20109070123
1721839127475,66348.12971900392
1721842093989,66549.47643427133
1721846256061,66154.44744371835
1721849755149,66061.73458661836
1721852792907,65945.58762844752
1721857053113,65418.79740596946
1721859099814,65507.31277984199
1721862198379,65266.98516408711
1721865655709,65403.53513022529
1721871441631,64333.629956531084
1721873178524,64288.058929939034
1721876734795,64247.21309734033
1721880162081,64047.17595824331
1721884369518,64281.43999006733
1721889437278,64119.198118529355
1721893109490,64303.87816963069
1721894729814,64148.47274233018
1721898943133,64337.60914523049
1721903292889,64022.66554565128
1721906857211,64229.62895703639
1721911127903,64256.441208547694
1721913467270,64064.192959432585
1721918168876,64321.90651468951
1721920860374,64989.86512027573
1721924034270,64671.98258249975
1721927634564,65016.85661106034
1721932693239,64929.34548813703
1721936263185,64980.25092221036
1721939006199,64641.01794041171
1721941734219,65383.71209835114
1721947154866,65781.15274836832
1721949633957,65728.55255821452
1721954207605,65934.38262972682
1721957834551,66229.384861919
1721961073819,66656.51116641973
1721962906245,67163.34675639341
1721967213059,67064.12531350476
1721970886720,66887.9992456702
1721975885466,66989.07196288057
1721979755651,66967.76204456715
1721983261539,67011.63783301436
1721986942021,67283.39436752646
1721990485571,67331.55723786705
1721993979286,67164.74151146253
1721997637532,67168.23052316325
1721999025954,67238.41851653687
1722002446094,67898.78212995737
1722006436752,67489.34883653157
1722011812338,67634.48384155628
1722015395799,67605.5458121054
1722018325161,67597.87877908723
1722021217134,67675.04802969976
1722024263281,68055.62958045409
1722029996023,67927.1815721192
1722033187921,68002.20371961023
1722035503101,67893.79481158075
1722040291827,67887.12725422553
1722042402583,67858.36647491758
1722047807623,67853.86050258305
1722050048341,67857.62514972342
1722054572184,67870.75880606714
1722058738308,67968.83116831073
1722061746730,67966.05076228414
1722063748806,68094.83288549854
1722069575044,67978.60677056958
1722072480599,68172.89141855619
1722075399625,68264.63249907097
1722078588518,68155.25557020864
1722082673815,68401.75451562958
1722086991205,68777.02914771881
1722090690042,68840.12847770119
1722093119475,68808.63805059477
1722096729700,68975.1875812349
1722101237532,68634.95084758657
1722104562862,68812.56765694234
1722108560029,68540.34179825679
1722112488838,67452.42722668775
1722116217785,68982.9911411051
1722117998516,68879.51408742704
1722123221023,68216.87927537797
1722126739535,68016.39188405618
1722129773532,67903.08839843822
1722133228315,68002.14765608562
1722136386258,68090.48227791698
1722139899689,67990.86700586208
1722143434464,67146.3507205186
1722147611748,67469.29461036998
1722151600809,67376.84924958902
1722154231647,67474.70089526717
1722159154527,67351.48146051419
1722161434017,67442.22489882629
1722166235709,67767.51481897775
1722168644227,67759.14476715641
1722172506440,68017.20901942626
1722176189856,67873.70267347398
1722180253385,67663.70310802845
1722183209271,67687.5584306768
1722186447267,67818.22479762764
1722191189723,68100.36143846868
1722193526081,68252.0075225683
1722198191470,68084.62941905642
1722202191024,67899.50569692253
1722204542773,68132.73823606098
1722209189007,68093.60488586598
1722212542175,68602.63942972722
1722215880301,68566.78978179219
1722219781472,69209.70495041611
1722223714559,69453.12476789887
1722227548810,69312.63071005039
1722229609301,69433.30908961584
1722234685354,69842.89084916878
1722238268307,69517.17670234649
1722240551079,69502.83324046651
1722245322418,69550.61181538792
1722247457682,69506.51610571225
1722252340606,69801.2338790448
1722256131647,69578.0868687256
1722258071053,69825.28910842555
1722263437732,68779.36958477591
1722266315582,67978.65056486202
1722270070916,67888.23472309628
1722274068293,66843.5884601612
1722276276984,67017.24285801395
1722280911579,67431.81775217736
1722284036233,67282.62285948903
1722288045575,67153.23239519885
1722291111030,67422.2458091223
1722295088002,67010.30916057936
1722298225993,66667.23020827338
1722302552578,66709.58153369007
1722305689250,66376.34485154577
1722309505833,66570.68464574698
1722313428518,66608.23636409253
1722316737186,66636.84180431109
1722321523158,66703.14627752565
1722328031306,66803.00347314189
1722330584310,66816.87930477681
1722333976980,66605.77202111392
1722337654428,66566.41581409478
1722342339718,66489.48680529871
1722345538974,66765.21524704206
1722350168126,66089.56513985805
1722352524133,65932.36496728996
1722357221503,66301.49821105304
1722359528996,65961.62092939996
1722364122916,65966.88520188523
1722366080057,65772.99546049278
1722371714875,65991.776808522
1722374239908,66071.42724890674
1722377183709,66292.48326629534
1722382030052,66151.59894062627
1722384168725,66191.9479518304
1722389133110,66308.98255104054
1722392510414,66180.95068053943
1722395565960,66140.31416912038
1722400478191,65811.86704215518
1722403130588,65671.07335635036
1722406964913,66268.72799876283
1722410883375,66385.09276454152
1722414935166,66249.13028331305
1722416569142,66280.11313150806
1722421054090,66101.85982716623
1722425353692,66053.53721834545
1722428179783,66071.20305771513
1722431904791,66274.41739013257
1722435269861,66654.06716687835
1722439923152,66378.9881926607
1722443547820,66481.01490955359
1722446195347,66405.45107443343
1722450927800,66211.70384570683
1722453275506,66342.2801844527
1722458213632,64700.299361570294
1722461742864,64666.3291991292
1722464871618,64765.96382310313
1722467868393,64730.2342570455
1722472077600,64582.760918814434
1722475980310,64567.41120186603
1722478766818,64160.6993344809
1722481313891,64097.714930570866
1722486279448,63834.80063494772
1722488443970,63721.93355153429
1722492302148,64274.351929349235
1722496891672,64420.621183666044
1722499916624,64389.39445686197
1722502933314,64481.80674403229
1722508297401,64378.218179300435
1722511155515,64455.29566400672
1722514629431,64775.5764047226
1722517448796,64863.734243143386
1722521460189,64502.95844934308
1722525033134,63653.73204764945
1722528803232,63039.61321929871
1722532851875,62632.715920296716
1722536843096,63009.64215986377
1722539699109,63114.796938027175
1722543588352,63470.00809338543
1722547490046,64739.04900637115
1722550375916,65192.92208936958
1722553298411,65113.968146280924
1722556829146,65357.52960767435
1722561588195,64651.809067422546
1722565436067,64591.13842610765
1722567692600,64296.111002891805
1722571790497,64570.26276602138
1722576388488,64261.64068615695
1722578986098,64023.16182936194
1722582889073,64285.26864036492
1722586493695,64174.82045353116
1722590094081,64419.574121813355
1722593696809,64343.201131025715
1722597283659,64639.720532610874
1722600294727,64604.6161112339
1722604488981,64577.69967504684
1722608304171,64454.89987171481
1722610816576,63643.178705886974
1722615104166,63420.865118766706
1722618992970,63362.686109651186
1722621633786,63045.10495467909
1722626849635,62799.98379156461
1722630768412,62194.58031168041
1722633979082,62022.838931858605
1722636427256,62033.37243823208
1722640408634,61613.95174407245
1722643877052,61432.842683725976
1722648222825,60704.443827114264
1722651811509,61474.314339142365
1722655391280,61565.257396702924
1722657719875,61780.32197507872
1722662131477,61630.62375172196
1722665698742,61659.76364409607
1722669746447,61708.649582510785
1722672815841,61643.415454258946
1722676124340,61533.55598525428
1722679984451,61714.67435584251
1722683575700,61795.80497075898
1722687779360,61938.83695126013
1722691436790,61898.42857161585
1722694193642,62043.34308752476
1722698626858,61751.920475068335
1722702810049,60743.11330851945
1722706203212,60640.511771375175
1722708016354,60576.84288062203
1722712316678,60237.708892119685
1722717014158,60437.43758674458
1722719872873,60315.13301849382
1722723922773,60600.733873834964
1722727462809,60621.40801219012
1722731155417,60746.87044279332
1722734264169,60559.23012888138
1722737961369,60835.419680071514
1722741262747,60846.0455362433
1722745113566,60684.38109067946
1722747752406,60541.50382413442
1722751844057,60769.05190913926
1722755659141,60747.687015009644
1722759941871,60366.13355439771
1722762725949,60490.25945703675
1722765705566,60686.32463862168
1722770858160,60920.250152970904
1722773945795,60795.27269036916
1722776822881,60941.980063608215
1722780583304,60798.02434232199
1722784539369,59349.20006754411
1722787658916,58959.64100098811
1722792134601,58147.364386578934
1722795362393,57866.503799085
1722799041777,58969.111814217504
1722802860565,59501.137300427734
1722805229315,58984.05335283566
1722809929022,59098.092518146
1722814136490,58536.76642705688
1722817578265,57775.16303729579
1722821211555,54702.15109899909
1722825092479,54384.508385711764
1722827092985,54425.23696422312
1722831261966,54193.83649678529
1722834863904,52590.346499055944
1722838975528,50942.465792781295
1722843118603,52777.877281798945
1722844922383,52675.12807997217
1722850272722,52779.79161676295
1722852355009,52610.72506406195
1722857532060,51544.978580686
1722860386940,50793.76968498841
1722864805329,49781.9250782462
1722868013966,53604.81215989215
1722871971536,54385.20938613709
1722875368589,55156.98724155762
1722878263492,54562.70896174501
1722882731101,53827.13381495227
1722885391989,53020.484783945656
1722890214079,53931.39337023398
1722893605177,54660.388296832796
1722897265512,55059.3860065648
1722899605884,54997.013258500716
1722904421479,55700.344375614244
1722907222109,56107.300769246365
1722910533921,55723.39417813769
1722914489474,55595.75231005507
1722918824591,55677.185757782
1722921923908,55516.08048525463
1722924957346,55823.80479147471
1722927933251,55800.90611324363
1722932574348,55622.343343670356
1722937160931,54908.91997766227
1722939226937,55163.84054313526
1722943931875,55031.53613390995
1722947797319,55227.07241563498
1722949581783,54822.41810694833
1722954898463,56335.81368236914
1722958632397,55957.71788011467
1722962175777,56370.28725779281
1722964005344,56943.2216474051
1722968782591,56903.21313416625
1722971242174,56582.660082632225
1722976121630,56500.051367660126
1722978297645,56561.45222074595
1722983157271,56924.61609078475
1722985752816,56179.93015850327
1722990733549,55959.91503304742
1722994435714,56178.56134305831
1722997952029,57265.44657533111
1722999892298,56768.59455672353
1723003496487,56835.71427618933
1723007307157,57196.84137458552
1723011164285,56850.93155207744
1723014292668,56763.60817851029
1723017882758,56946.09861926098
1723023653996,57513.0242056751
1723025023193,57356.352899389254
1723029632628,57340.68355083276
1723034507940,57078.21970198642
1723039591467,56840.12804752324
1723045561330,55927.19613670224
1723049992286,56230.11653893656
1723050331787,56228.69233080016
1723050420898,56228.69233080016
1723053738319,55732.73002515454
1723057607813,55136.98007317448
1723060965859,54770.26436291755
1723064694927,55092.04734642424
1723068507995,55380.43224071477
1723072234636,55330.62867034117
1723075582104,55243.31644345637
1723079153818,55355.55945330946
1723082916325,57203.565105409856
1723086431239,57597.17013186934
1723089744509,57055.895209571914
1723093746820,56920.024824413544
1723097612199,56901.8370801831
1723100470361,57188.716484365876
1723104869295,57203.821763159576
1723108646064,57137.33954765334
1723111260771,57404.881396517965
1723115688161,57408.0583396215
1723119295163,57228.97327078708
1723122658602,57898.76705051001
1723125770570,57243.153212288504
1723129391405,58946.741684565946
1723132876354,59462.286313956494
1723136977589,59333.60663868314
1723140311837,59487.12318611603
1723143792490,59352.86875324068
1723148338418,59490.484942916584
1723150862692,59566.097976341945
1723154493457,61239.39856540883
1723158976856,62394.50222385904
1723162709655,61564.07465757101
1723166259195,61150.03214756077
1723169653200,61465.59987449855
1723172427376,61289.69694335523
1723177064644,61291.26032291561
1723179883116,60727.73255039013
1723184205150,60883.07611311637
1723187920296,61046.12709716163
1723190459135,60891.03339113487
1723194934528,61206.746877707235
1723198669241,60790.8033279939
1723201787820,60718.10321459066
1723205573809,60671.8489929388
1723208783312,60586.674084173086
1723212721533,60655.85400268745
1723216003192,60521.27327588875
1723219971116,59882.91471121322
1723223308993,60394.197258554974
1723226472388,60217.88807352617
1723230628906,60258.14784461559
1723234057778,60632.104190329905
1723237927369,60144.842362760035
1723241732526,60379.369690744454
1723244972617,60669.64683588142
1723248884591,60755.111202226646
1723252706433,60962.50427379994
1723255744258,60507.50499256308
1723259370646,60410.25425128342
1723263110662,60367.96063350845
1723266593769,60368.84402289579
1723269950174,60399.700893409936
1723273599232,60567.747299370836
1723278019690,60791.35658656173
1723281739417,60822.15156653687
1723285229770,60957.17085877937
1723288460169,60885.40360711779
1723291683832,60904.07764531184
1723295981270,60615.77679033893
1723299441997,60551.785330864404
1723302296627,60665.619221873094
1723306615050,60614.99746703881
1723309533729,60677.646652642696
1723313875172,61195.035718238294
1723317526768,60917.447878143765
1723320271656,61025.327156937135
1723324101051,61014.11680598037
1723327907455,61012.764932953134
1723330864241,60922.187767328905
1723334997494,61011.134834720804
1723338307559,61100.641864870006
1723341868265,61139.79916109989
1723345486692,61021.307089617876
1723349218827,61100.31910266797
1723352814538,60966.178059690064
1723356553665,61056.25916994057
1723360182597,61141.70428796424
1723363790073,61279.09089914344
1723367025635,61272.181426460964
1723371100467,61198.89822854139
1723374050172,61117.89664074487
1723377700760,60707.95399897831
1723382141545,60313.6607485688
1723385613903,60364.759981356496
1723388687804,60332.94765609406
1723393090017,60037.409793395156
1723395619476,60181.83158786765
1723399850643,60224.756927116745
1723404070667,60080.736165909206
1723407524657,58934.90926747568
1723410805910,58371.55454267009
1723414670841,58769.693922188424
1723418018331,58844.58510274143
1723420826166,58804.23449992608
1723425412875,58661.41383715496
1723429075963,58608.72435938079
1723432438571,58554.46081213625
1723436203302,58431.11518125146
1723439692093,58600.66576891849
1723443221985,58437.06364064398
1723446251195,58448.86585917062
1723450877650,58812.20051163998
1723453418109,58303.406724980516
1723457873963,58223.513740514
1723461406972,59372.15000462517
1723464477221,59714.60252234014
1723468540672,59768.523472827816
1723472472725,59177.9964628881
1723475485984,60140.893484773536
1723479837854,59701.57143830804
1723483452964,59808.77022585978
1723486918827,59244.19489833363
1723490175485,59043.951298881395
1723494045451,59252.87617331191
1723497721240,58733.30616009725
1723501239701,59160.940626575415
1723504139096,59193.79443709478
1723507806838,59487.84718712906
1723511595334,59616.15061031841
1723514932257,59645.69569462356
1723519038951,59196.59489093399
1723522855826,58948.845278903515
1723526629709,59206.26829520003
1723529986177,59210.93641438889
1723532570292,59392.98070471743
1723537124123,59326.83192545242
1723540896909,58867.89565221312
1723543346632,58968.03485419861
1723547347455,58726.82476342119
1723550429938,58802.04160747715
1723554639670,59066.919311197
1723558153370,59374.14959473762
1723561818810,59639.09853912866
1723566086515,59982.698175257654
1723568631438,61213.260164439576
1723572217304,61213.05752654258
1723576760855,60586.49440610235
1723580600816,60700.017313229466
1723583828309,60634.62198998188
1723586919348,60930.70826903593
1723591234790,60520.521585843
1723593759020,60611.1178437017
1723597859402,60754.85111728312
1723601831757,60680.99542837812
1723605626493,60974.5246749954
1723609330085,60934.71745277854
1723612585267,61018.6692167453
1723615259898,60892.081560238315
1723619324286,60780.9965478888
1723622720166,60932.51558979862
1723626758740,60905.02264032649
1723630878850,61116.85624966809
1723634510228,60948.01211615021
1723637563782,61356.318193391344
1723641448807,60741.11900146548
1723645109134,58989.47034890381
1723648758231,59296.870497296506
1723652400444,59398.18261345918
1723655945651,59247.72206319977
1723659128619,59232.393107718366
1723662731532,58938.9576899662
1723666094074,58992.182451813904
1723670141041,59117.49227477686
1723673283667,58607.84280247439
1723676781651,58989.62219097791
1723680850920,58819.599962208355
1723684808893,58872.61696669897
1723687985834,58275.85931603416
1723692240629,58445.4062844714
1723695116562,58370.951501063326
1723698958675,58313.335500366025
1723702052119,58264.40579045636
1723705227886,58088.79404612981
1723709578632,58051.71502223428
1723713746648,58432.21244049253
1723716352288,58413.67017961424
1723720234317,58485.15425804929
1723723544715,58729.1333863503
1723727530766,58870.26610323387
1723730577286,59483.03961230005
1723735281027,59345.565722265164
1723738408587,59727.942107983596
1723741764485,59401.453819783936
1723745380880,58148.51663284134
1723749537013,57182.5690515019
1723753104902,57182.19956170608
1723756086000,56765.926472158855
1723760334512,57588.13281893597
1723763735099,57590.117286304856
1723767215857,57517.288261417954
1723771008474,57388.406266252496
1723774261512,57463.08029840291
1723778180767,58110.020444975285
1723781366321,57953.45268300431
1723785577543,58206.631385308734
1723789129935,58299.972387030146
1723792066504,58481.39741510699
1723796133426,58601.31105458154
1723799337472,58349.97587789022
1723803524717,58393.5913309717
1723807393561,58394.022290466
1723810286998,58479.15548513328
1723814256433,58107.39617493354
1723817012172,58322.02070299983
1723821777567,58087.23647718457
1723825376763,58366.058274183546
1723828798731,58602.833023575986
1723832526830,59336.92183147019
1723835912382,59546.701473360816
1723838679193,59658.822844689734
1723842293954,59257.78670650454
1723846720385,59079.85864539329
1723849229316,59008.35598447069
1723853955239,58860.57334808443
1723857450178,59217.47771557815
1723860536117,59350.615234769495
1723863765582,59152.62830970626
1723867556498,59169.67657788981
1723871918642,59217.21091899589
1723875769517,59199.61103327122
1723878757430,59102.25419430356
1723881804687,59281.64422691288
1723885533670,59281.08059915197
1723889006713,59339.07971026275
1723893210014,59144.78963688992
1723896281057,59137.83368710243
1723899828440,59235.06313556112
1723903966136,59433.059003423536
1723907189004,59445.46121861815
1723911574037,59498.10996225166
1723914627335,59650.14463574034
1723918844359,59460.11857230874
1723921243732,59428.52852368441
1723926049433,59484.96679706533
1723928719351,59406.83982049235
1723932418490,59288.15508034803
1723936412856,59408.23428651597
1723940744628,59499.06901060443
1723942969230,59693.856122052326
1723946969842,59435.352600897284
1723950267853,60333.65883815674
1723954195768,59356.667849748796
1723957709128,59549.894810626094
1723961559637,59538.08213279161
1723965036309,59592.91192725329
1723968277568,59559.95299911433
1723971683900,59703.579142448965
1723975531297,59888.7321355397
1723979509711,59934.94179051665
1723982814036,60041.75801972986
1723986342843,59994.44518304509
1723990462242,59872.80523097825
1723993261960,59840.04781384492
1723997195505,59930.31521256509
1724001158684,59765.49623994477
1724004562746,59510.6150044139
1724008451406,59563.36406864585
1724012205263,59733.69239760352
1724015401142,59801.102978831506
1724018734130,59456.77239730346
1724022331960,59353.266148667375
1724025659074,58432.42381182296
1724029947795,58409.43220948516
1724033459515,58556.84615225964
1724037226870,58705.41559394807
1724041130176,58665.163561322144
1724043698602,58587.23043883205
1724047324057,58504.10094412565
1724050896272,58566.24897215608
1724054615895,58519.30764362262
1724058721234,58676.21589770095
1724062228786,57918.457121253865
1724065841584,58122.98100656521
1724070089917,58402.72409757605
1724073669419,58802.09522936941
1724076975079,58328.473741300935
1724080584719,58614.26244380955
1724083459310,58513.14185993819
1724087581102,58716.298209367014
1724091578183,58774.585780204005
1724095044350,59033.05413379757
1724097647796,59002.276809341456
1724101613368,59116.88759892861
1724105670845,59088.38383591217
1724109398201,59150.58385642979
1724113082450,59433.2002548913
1724116216049,60957.204181296795
1724119533120,60486.4734122355
1724123928730,60570.145051408974
1724126418158,60613.0179743415
1724130218756,60934.2611610823
1724134016900,61005.78733421509
1724137712342,60948.17691922144
1724142069061,60810.769041548345
1724145221623,60913.545793254416
1724149597221,60757.57796842585
1724152893551,60604.46221206046
1724155499815,60542.53727609908
1724159801810,60513.22423696902
1724162544701,60903.501101464666
1724167394420,59169.10290355411
1724170768133,58999.583067501706
1724173908046,58868.05861956446
1724177367122,59227.33377346871
1724181817140,59292.82539415719
1724185456835,59561.42502840903
1724188561625,59060.772363156204
1724191902113,59477.46876924232
1724195757806,59287.74283482554
1724198444618,59060.12610074137
1724202563270,59009.13331494045
1724205924148,59295.06644147175
1724210427639,59410.03562420505
1724213562881,59242.4062301116
1724216459895,59370.33738264078
1724221371714,59610.019205226825
1724224175187,59688.748544613954
1724227952333,59505.209064536895
1724232038650,59341.323684985815
1724234426320,59272.94103896139
1724238929362,59433.15898376004
1724242230849,59398.14200516048
1724246282896,59517.04183871499
1724249399324,59931.75994130691
1724252788285,59518.13288406425
1724256939721,59500.585638116
1724259740568,59834.744187742945
1724263464131,59944.1339303113
1724267458930,60792.81990824211
1724271534240,61524.47420600682
1724274934181,61014.719001986436
1724278227580,61350.064462403796
1724281586484,61196.416673763524
1724286055587,61108.930323290086
1724289285792,60975.49873085402
1724293228213,60889.695556727274
1724296904602,60320.460014699886
1724300663120,60615.25775495694
1724304244799,60795.28443057881
1724307338558,60935.99484313054
1724310453797,60842.721465040064
1724314707083,60894.232083015864
1724317439026,60958.824053964636
1724321823984,60932.02359297336
1724324803000,61211.045261694686
1724328032421,61376.73740019104
1724332083766,60862.17994470777
1724335262209,60901.35189172805
1724339490180,60755.24024762029
1724342428549,60289.44581145123
1724346197793,60318.613294064446
1724350524800,60300.558880810284
1724353490988,60394.12509145167
1724356988674,60308.28537322583
1724361560653,60517.9067058922
1724364974661,60532.15699045179
1724368796760,60383.66005871233
1724372348459,60519.48661932766
1724375490918,60827.69960219288
1724379262813,60818.06398338679
1724382540211,60660.07504007888
1724385615316,60614.946036560636
1724389952552,60862.643450316245
1724393919047,60946.07087640283
1724398016769,61072.64188640716
1724400933003,61116.742598936595
1724404829579,61259.24572953686
1724407307859,61041.90203746067
1724411090891,61045.00293514066
1724415355127,60816.78517998003
1724418385728,61100.04239140031
1724421741263,61119.04206361144
1724426064898,61266.49135181372
1724429824975,61566.22627047148
1724433740181,61883.72524061102
1724436141975,63034.25197975495
1724440389679,63306.926239253815
1724444260114,63771.186594942046
1724447174130,63673.43203996905
1724451768020,64367.731453455875
1724454963194,64183.40662601132
1724458225579,64162.36575527889
1724462342871,63936.837036734
1724465384769,63905.614348637326
1724469334769,64034.758841340714
1724473247775,63962.84668451357
1724476475947,63932.554341758856
1724479913633,63976.29051995182
1724483802226,64231.201414131196
1724486748038,64310.62330987425
1724491241178,64266.71314472571
1724493680275,64358.60916887261
1724497566096,64135.95102342594
1724502128694,64120.87993123906
1724504791143,64131.99005024106
1724509244203,64145.82498319456
1724512479648,64075.42833552749
1724515438903,64007.333394978436
1724519877740,64250.14964502494
1724522756383,64177.82268716298
1724526428319,64274.542576046464
1724530889189,64268.82714724803
1724533313246,64152.90757050182
1724538320436,63978.09316734037
1724541643641,63966.96652548775
1724544178010,64187.06046280384
1724548224509,64348.38141951863
1724551295212,64189.237324505426
1724555516467,64179.32668855927
1724559245619,64058.06992713776
1724562935841,64226.14643976747
1724566271254,64193.39226786866
1724569844885,63986.98426792576
1724572989347,63890.019395367206
1724577098861,63914.83460227322
1724580186755,63899.35295347262
1724584080201,63994.01727917139
1724588510371,63875.82753563255
1724592197969,63978.71637618148
1724594857819,64174.04585508156
1724598767430,64184.878478399085
1724601714891,64160.99778877754
1724606233835,64146.798312548526
1724608968446,64162.22727642108
1724613758284,64206.79942164749
1724617558740,64175.52726249115
1724620605380,64404.26476403028
1724624379059,64648.01695080237
1724627618080,64668.10743447946
1724631652544,64161.86255348353
1724635124994,64232.150789389576
1724638493295,63970.52896510488
1724642159098,64061.22024001037
1724644981023,64103.0117295644
1724649249673,64066.217642792566
1724653479440,63899.92754087854
1724657144415,63832.970159577926
1724660686552,63861.89002499945
1724663805874,63699.15704866862
1724668344119,63924.41283700123
1724670946814,63836.73883798777
1724674370114,63933.82328931946
1724677636131,63576.318664383034
1724682235829,63347.36179059262
1724685881740,63256.05299398837
1724688841368,63611.32880563979
1724692658570,63682.379967191926
1724696648054,63301.11051602876
1724699734433,63519.18096059275
1724702623330,63295.24366746738
1724706124381,63413.572298013576
1724709670744,63181.365739458604
1724714649827,63119.02250734977
1724717646981,62895.08768907413
1724720420135,62772.132112030995
1724725233751,63182.52894576545
1724727652327,62964.425406138565
1724731869876,62952.1483185441
1724735866204,63094.222435720454
1724739372275,63094.93332246692
1724742433212,62820.70066831279
1724746153746,62963.725937114476
1724750731066,62938.23472187073
1724752827933,62636.72904660048
1724756485002,62342.351028152814
1724760972253,62414.3028097667
1724764790898,62345.68316193942
1724767917281,61997.40460142618
1724772707402,61706.881850262966
1724774971130,61634.397442733774
1724779261266,61590.456694191744
1724783034241,62122.99726349206
1724786601355,62055.9385443653
1724789697873,61976.35043057527
1724793186766,61880.77743116783
1724797179698,58059.84861092541
1724800845735,59199.34377628683
1724804481618,59327.70016611258
1724808184887,59068.14960627904
1724810992983,59350.03164630776
1724814579289,59393.97272044696
1724818489280,59540.15462779536
1724822140760,59314.30659526362
1724825320690,59311.718191981694
1724829634356,59133.2959120745
1724833258017,58855.44458712857
1724837015304,59249.55718246931
1724839233396,59962.807975995434
1724844212526,60036.74366489448
1724847963871,59975.089209228616
1724850672735,59911.80578953989
1724854905260,59834.19240912646
1724857574901,59279.720383328626
1724861720749,58647.12822514628
1724865695469,59051.92884979606
1724869580540,59130.399820034385
1724871699269,59474.803468164886
1724875956838,59005.65986453745
1724879422406,59189.98525990052
1724883939192,58976.77731506606
1724887166970,59097.842954811764
1724890969750,59143.100335965435
1724894393345,59174.92838635156
1724897874023,59157.83586486874
1724900732701,59157.24129661261
1724905682482,59201.98149280982
1724908178163,59151.2373090962
1724912010909,59464.74566237593
1724916435879,59574.06034602497
1724918928147,59580.89149448093
1724923558994,59683.51658964522
1724925713444,59585.80074194118
1724929581930,59687.22873621364
1724933277984,60156.11580686031
1724937690444,60378.48716195032
1724941794283,60581.31818296415
1724944318233,61009.06324110357
1724949986427,60504.823970856516
1724951830569,60298.98500930787
1724955571744,59940.78387731009
1724960891552,59618.97215424849
1724963556528,59354.685622746576
1724967626305,59497.791836546916
1724971243041,59149.217467487586
1724975909200,59351.5794909728
1724978885275,59334.996626200795
1724984023457,59318.10565177023
1724987275878,59209.60566840913
1724991654847,59117.20462402248
1724995197308,58891.8031647288
1724997206902,58908.042334024576
1725002217452,59430.67236132807
1725005445811,59331.184522498166
1725009749180,59530.14622434213
1725013612466,59570.22358769405
1725015827130,59590.800285141915
1725020992296,59489.14125137412
1725023946216,59519.49120481671
1725026859916,59804.3532353648
1725030218438,58414.4028868584
1725036231592,58102.56612260241
1725039393812,58546.27666409159
1725042208784,58805.05511461276
1725045000685,59177.17540500815
1725050311034,58945.68972419615
1725054266104,59003.116887718024
1725056947047,59180.21629298589
1725060595120,59182.89284213509
1725063194286,59146.24979875298
1725067530504,59271.74724991423
1725070563860,59213.551753395084
1725074398511,59128.64459534604
1725078515887,59253.327959791764
1725080304012,59332.93325713423
1725084571835,59193.30300146088
1725087957116,59150.83975964007
1725090787111,59168.47919932165
1725095519153,59005.487686977234
1725097196168,58975.01623858652
1725100300796,59019.35217652168
1725105571251,59131.873659225435
1725108157091,59151.42498480989
1725110589809,59197.45730249457
1725114486037,59084.71856653795
1725117669031,59082.916196810635
1725121463056,58981.11791553521
1725125230420,58893.87165410129
1725128307585,59051.49057272925
1725131438921,58891.92517026088
1725135602859,58853.53926445986
1725139089648,58925.461969271746
1725143536383,59027.35485109313
1725146178319,58972.13921541655
1725150315044,59021.65251754194
1725152874835,58922.336373481114
1725157458893,58644.573706545554
1725159960384,58534.480695240316
1725164790080,58503.32213878224
1725168193153,58331.72698808311
1725171726913,58131.30807597719
1725174108804,58193.83008303418
1725179090636,58318.17819955592
1725182826456,58271.00932331365
1725185172499,58200.559267471
1725189575774,57995.47189871917
1725192818870,58253.180839153545
1725197125824,57995.987458535354
1725201053240,57744.186227203034
1725204769240,57883.88880512065
1725208217988,58139.9258201694
1725211902296,57943.3495960086
1725214350685,58147.22230395923
1725218249978,58533.92089209154
1725222418771,58607.98923019267
1725226480509,58168.06231803104
1725229875640,57637.83573404503
1725232028501,57383.549100481745
1725236922319,57423.47573048797
1725240217555,57478.32132172089
1725244110882,57639.47999990747
1725247611920,57660.6053771104
1725250379733,57715.35936374439
1725254514888,57627.09794275039
1725257040229,57778.35227320422
1725261663401,57701.59785865507
1725264557481,57557.045542139196
1725268817671,57989.956749165074
1725271278042,58444.2439600214
1725275903223,58410.307545954296
1725279803642,58361.898572657774
1725282877221,58389.63264298334
1725285826988,58189.0157041461
1725290389051,58611.971365503894
1725293155019,58574.54981135888
1725296736421,58352.56971842717
1725301411825,58468.85708149525
1725304971934,58493.30439764116
1725308592699,58564.85288879264
1725312363950,59245.901046591396
1725315786692,59081.894737399656
1725319157107,59231.01284443869
1725322243157,59116.72450306674
1725326179033,59387.948038510054
1725329511818,59522.41951320161
1725333837209,59320.34837813365
1725336675322,59101.41640164991
1725340198429,59029.26825418049
1725343871586,59014.71587794109
1725348416687,58958.44061193983
1725351270826,59093.98582741865
1725354499486,58856.27591419819
1725359328679,59032.872760216815
1725362226682,59037.52112338955
1725366471171,59220.85676099221
1725370134844,59228.65531821293
1725372996785,58102.7723974071
1725376920470,57820.0858422582
1725380788382,57817.938308376615
1725383721316,57748.66507488688
1725387528195,57784.356878454455
1725391726595,58167.34072631633
1725394851125,58181.32218165241
1725397457456,58208.6399239705
1725402356536,58045.417628622956
1725405513845,57786.55294435445
1725409245255,57813.69706883217
1725412661581,56160.11214505884
1725416376045,56618.69625548734
1725419304206,56780.01228562741
1725423758204,56619.156108408315
1725426309881,56670.89762145378
1725431515071,56403.90393632768
1725434698631,56578.869167875564
1725437653317,56689.10810974751
1725442013070,56734.14155966517
1725445540752,56472.8487542655
1725448540693,56522.61204502666
1725452773012,56627.70902517211
1725455268377,56551.269804683594
1725458603808,56471.709617939356
1725462285120,57576.97600585592
1725465831883,58120.08717111554
1725469518966,58393.35074858366
1725474500856,57822.842857142816
1725477871005,57761.163784722565
1725481279518,57983.83427211197
1725485048613,57995.679460486725
1725487645517,58183.50471420094
1725491249393,58140.1028915011
1725495556085,58087.76243010292
1725499031456,58011.60188693599
1725502415910,57749.22706431235
1725505312756,57676.00401788212
1725509860566,57249.670261443425
1725513414214,57155.08709783639
1725517182070,57063.580676781254
1725521066360,57164.44799899651
1725524003280,57163.90747340435
1725526974747,56990.33886814557
1725531861186,56709.122352946004
1725534074162,56762.03833637063
1725538350808,56671.36783827192
1725541601909,56758.79147824886
1725547073909,57125.4501514749
1725550011074,56404.29960422861
1725553131984,56047.62020016585
1725557079946,56443.49795536377
1725560499510,56522.572068468406
1725563893204,56414.454392688735
1725567768132,56040.03890248612
1725571491585,56200.64911676952
1725574356493,56037.78751865841
1725578473477,56116.08146432956
1725581918982,56276.037013870904
1725584791343,56004.497575819725
1725588058805,56538.22821522616
1725592682900,56746.166395129345
1725596347264,56707.739984513784
1725600211476,56511.21182542301
1725603034432,56447.17153444231
1725606656930,56366.669702838466
1725610438263,55812.44318192622
1725613302670,55782.373950107845
1725617675334,55937.23817176504
1725621646038,56048.55200528273
1725625292661,55883.98715130142
1725628670725,56805.55106357134
1725632665512,55324.91474531126
1725635934484,54481.51033537016
1725638620890,54008.69564063515
1725643404577,54302.84348921811
1725646492556,53760.5950543657
1725649971101,53752.943586110996
1725653092244,53491.82745304818
1725657945348,53304.61527374619
1725661568749,53803.47840034575
1725664277062,53700.61737164216
1725667409568,53955.11336282272
1725671071148,53900.28358818041
1725674719714,53794.89842133255
1725678936881,53813.390908389156
1725682041612,53806.07395267369
1725685737457,54028.17614823898
1725689430042,54171.76650009698
1725692776981,54276.07839995552
1725696329138,54260.814238357576
1725699990058,54358.71012996293
1725704175798,54312.33256235887
1725708023563,54410.95836986007
1725710861731,54433.38027259792
1725714267656,54560.49986085692
1725718869660,54601.959668171454
1725722658763,54641.181787137844
1725724856547,54814.8188490265
1725728549194,54512.29459997584
1725733249380,54149.5518521795
1725736173390,54238.749390463665
1725739687046,54358.127550689824
1725743630979,54038.41228294185
1725747388541,54014.23513028771
1725751322680,53988.87146955055
1725754658334,54121.47291189394
1725758185965,54260.86694365345
1725761599138,54333.79761749462
1725764950446,54365.447985786355
1725768976550,54445.118714845
1725772437320,54485.33028643299
1725776066880,54397.37848584855
1725779633359,54469.34594621885
1725783055126,54401.95281399067
1725787398179,54563.238380790855
1725790765429,54594.67297418731
1725793461944,54607.23537231982
1725796939831,54539.44726822426
1725801099103,54056.89287256887
1725804322096,54395.85929137016
1725808014815,54154.28103841953
1725811649562,53860.12093070046
1725815190106,53979.44957907279
1725819230003,54353.66485122087
1725822900031,54480.843627257076
1725826241531,54311.814163033945
1725829439788,54382.03265562702
1725833588785,54387.242734740685
1725837007309,54741.1679385244
1725840022363,54792.40755768575
1725844193045,55379.65405356332
1725848097725,54997.52935852939
1725851987240,55067.742344156555
1725854851828,55135.17544932909
1725858942212,54821.43946123485
1725862185224,54707.49549860948
1725866852808,54800.75740426883
1725869059131,54965.26535533279
1725872964597,55430.46154044937
1725876449713,55134.26782620553
1725880729165,55246.2305613595
1725883690338,55256.173896391345
1725886970149,55362.61340876519
1725890943939,55586.829543000684
1725894530883,55099.03323770819
1725898098662,55507.21032949257
1725902755758,56545.18125712685
1725906472438,56492.66949907503
1725910021188,56719.453434116745
1725913419586,56917.776146827986
1725917280813,57576.223342776684
1725919559240,57635.44255575588
1725923142704,57226.92615053547
1725927835734,56770.17822522491
1725931462157,56890.80252256278
1725934879937,56731.56663879011
1725937458584,56769.04746476351
1725940830038,56553.32149283982
1725945839104,56781.91662191161
1725949250726,56802.40824965094
1725952950582,56953.674853459524
1725955991920,57340.37402210073
1725959982252,56991.06311299466
1725963818174,57011.44647911584
1725967176357,57145.02093330861
1725970897149,57321.67577079058
1725974429798,56914.56764623221
1725977704293,56976.98156155578
1725982078992,56984.70334277909
1725984564000,56629.0801646607
1725987997171,56853.19113176256
1725993144363,57637.34931682036
1725997452525,57821.49706045712
1725998967217,57842.06512071558
1726003732008,57623.78347102245
1726006892044,57635.70019592334
1726010926051,57842.50531540498
1726015039646,57506.03758887986
1726017741308,57645.77902307678
1726021723657,57004.50542388958
1726023806533,56915.68970637259
1726028027950,56658.913976901684
1726031800606,56276.98787675366
1726034791146,56247.93520956472
1726038156575,56447.12253444625
1726041648207,56662.77813018365
1726046482115,56614.289226885325
1726050179231,56559.514992330965
1726052940595,56645.186007159675
1726056986763,56821.186548327365
1726060836203,56964.913309410476
1726063889911,55901.74064288845
1726067022377,55973.8859302244
1726071210253,56918.38810970602
1726074897475,57513.11497228514
1726078754598,57749.3173909131
1726082627078,57571.61409552569
1726086298756,57583.58942979908
1726088890663,57561.05343117227
1726092347392,57314.02410795248
1726095867628,57479.54836290061
1726100719229,57510.798830398475
1726103118906,57624.35189196091
1726106531215,57935.45646898966
1726114162229,58218.67880572494
1726117980001,58120.23290678855
1726120823288,57938.797549689305
1726125316997,57888.36985638706
1726129145908,58253.63856478929
1726133077018,58215.39951897844
1726137234973,58026.009078758456
1726140752965,58091.00972656764
1726144069787,58057.08319565786
1726146599222,57659.95493558617
1726150742326,57970.459668913456
1726154366910,57927.30769053969
1726158107608,57822.685553282594
1726160602411,58087.38186620643
1726165065424,58358.331296075514
1726168349083,58365.418953508546
1726171360622,58386.380745154944
1726176252837,57986.46518718724
1726179717845,58060.35003707302
1726182405074,58134.82700804652
1726186072836,58155.62113177616
1726189389293,58013.497710735
1726192957579,58156.875844222704
1726196574322,58045.75605813572
1726200996263,57932.6955649952
1726203639856,57888.70178505414
1726208136991,57852.2686668971
1726211136320,57852.42404220491
1726214446813,57999.53338912729
1726218018119,57949.06426994313
1726221863662,58089.113778767205
1726226591893,58218.48942630179
1726229549025,57819.30771897093
1726232775950,57926.460287186324
1726236094046,58054.03118432944
1726240227063,58449.93476529068
1726244352119,59593.36696907746
1726248477190,59634.58338002218
1726250625831,59600.17719945084
1726254882363,59805.60489728142
1726258307201,59675.75547078083
1726261574778,59886.54177927379
1726265272592,60431.28098885077
1726269534265,60414.28977610074
1726272037743,60620.62747295754
1726276741865,60590.86543654763
1726280502164,60480.46260923191
1726284114918,60419.12908298475
1726287195135,60334.796787248044
1726291074678,60240.273519966184
1726294419026,60001.15051060231
1726297562185,60026.432790818886
1726302372408,60070.48557496104
1726305936898,59968.41696998458
1726308445118,60014.00828587379
1726311972821,59819.902506818566
1726316278030,59794.75427824437
1726319174982,59776.159657963886
1726323051966,59793.05620420053
1726326919915,59966.60767673061
1726329781239,59890.30652647748
1726334063409,59910.77636141386
1726337348526,59841.35086761201
1726341469291,59780.44873391363
1726344240302,59823.33175552341
1726348529737,59975.26978669294
1726351398412,60064.75264543763
1726355699906,60064.432134572024
1726358509855,60013.882041044
1726362807988,60126.50434134393
1726366717761,60169.79899717741
1726370033203,60220.14355588191
1726373696688,60209.40011532449
1726377434781,60174.848181359004
1726381340532,60152.179161967026
1726384976679,60152.50056428418
1726387319601,60204.4991581917
1726391917629,60070.699708137254
1726395821125,59980.01117210122
1726398074828,59997.748304015346
1726402575480,59972.170926690655
1726405536730,60080.54021760577
1726409817359,60020.80352274349
1726413894489,60251.898335166276
1726417465749,60241.044621817106
1726420549458,59867.17271162391
1726424293288,59817.63931653717
1726427203254,60139.49558241954
1726431955554,59934.89630185745
1726434587921,59622.2393902769
1726439087952,59418.21608572046
1726442523408,58949.11369730079
1726445743588,58962.86324377677
1726449099651,58689.43905998534
1726453548462,58442.9634176284
1726457201959,58373.35584330864
1726459219970,58579.58396190821
1726463009466,58321.09535637939
1726466505778,58602.93079593577
1726470272052,58680.7927891159
1726474545266,58929.764480198406
1726477906676,58982.52543925611
1726482051296,58610.714110205
1726485700466,58800.54160959564
1726488948316,58765.12817618118
1726493336531,58499.64650639906
1726496487555,58374.725818389015
1726500254957,57912.77735736806
1726503201957,57905.67320656069
1726506083393,57860.077940136594
1726509877581,58176.37890208296
1726513446307,57863.95250925426
1726517215189,57890.44885024387
1726522229472,57884.533124725094
1726525484764,57986.08347484864
1726529204166,58236.257445578536
1726532783218,58251.27267436425
1726536122024,57767.78226883802
1726539638398,57839.48097393634
1726542950113,58098.16699183134
1726546334393,58129.353688610405
1726549626172,58264.61830815356
1726553323996,58532.70872200161
1726557123933,58569.71835994324
1726561098919,58790.090047016616
1726564918164,58722.162538473516
1726568892059,59094.149237134654
1726572224052,59055.53531671722
1726575232489,59228.508480328026
1726579382451,59284.755003367514
1726582077073,59163.77955715653
1726586765619,61231.62129710131
1726589249396,61202.01968568921
1726592419953,60970.25348144018
1726596483383,60976.857374660656
1726600341842,60563.415830997714
1726604299992,59973.9506205091
1726608548124,60375.03695473223
1726612102530,60174.66622543997
1726615649414,60155.64411695945
1726618946634,60061.88485600524
1726622554412,60163.834722174084
1726624983472,60124.06622749374
1726628581414,60367.12638253788
1726632758090,60514.12318125176
1726636092885,60355.3951320565
1726640170567,60320.42252263266
1726644413525,60342.12443291608
1726647237996,60238.90248548927
1726650359655,60194.655723707816
1726654336099,59781.959515665185
1726658939003,59982.66746095182
1726660948020,59871.92952024553
1726665406743,59865.634809302755
1726668843117,59450.8514452217
1726673326804,59511.02624805182
1726676467770,59520.59594606601
1726679845914,59602.29473219028
1726683114527,60171.933857235636
1726687149489,60678.62222921164
1726689809462,60033.62696794817
1726694799757,60334.71975583846
1726698617981,60481.06798044665
1726702124514,61165.471218697974
1726704161765,61826.717613028115
1726708611601,61852.93928771889
1726712494748,61982.67165987673
1726716223035,61995.878699547255
1726718906360,62151.170540432715
1726722331125,62112.07774058046
1726726709603,61868.704910266235
1726730622344,62070.28774196219
1726733856477,62138.77892749226
1726737540372,62142.55195399946
1726741417263,62437.87543011053
1726744809290,62435.71774305727
1726747649469,62705.46504031729
1726751791692,63214.12051670896
1726755441189,63409.84242468018
1726759472840,63060.55291609862
1726761715551,63156.58167514334
1726765275097,63691.94971858993
1726770452120,63710.849971934
1726774033911,63326.74969222064
1726777746364,63209.279258654795
1726780878845,63107.859689652665
1726784333370,62816.818926782136
1726788500896,63030.91416557856
1726792165189,62859.881298503366
1726795564942,62723.21042425194
1726799096792,62940.13098404887
1726801990353,63221.25952578169
1726805337641,63938.06737730212
1726809341927,63845.79784800136
1726813075871,63663.26751820861
1726815852893,63794.65043498434
1726820690258,63445.26790940719
1726824222183,63450.98627177792
1726827024006,63535.939453794286
1726830776049,63605.91777446032
1726834386380,63560.955692456606
1726838408273,62858.48915175016
1726842677238,63176.27748140863
1726846566643,63035.96190672631
1726849955779,62963.619087084044
1726852819139,62977.99362070827
1726855937861,62340.31538268507
1726859670216,62898.995521616875
1726863231163,62741.96191420676
1726867436556,63275.835641788275
1726870959713,63218.74334629486
1726873678779,63133.41577914984
1726877659860,63112.814854791555
1726882037941,63137.69335249423
1726884572491,62927.858786150224
1726889184452,62901.80988214561
1726892697689,62903.375684484614
1726895387759,62814.00849523848
1726898593240,62913.746842802204
1726902393571,63014.15616462684
1726907238339,63062.570729513565
1726909735813,63034.28908934001
1726914584822,63016.36348613192
1726917981017,63073.66137369207
1726920312569,63095.753063338765
1726923682535,63163.604253392645
1726927531257,63180.17536879339
1726932676786,63195.459726426394
1726935025205,63211.867421926196
1726939116027,63327.035565487575
1726943333920,63281.38889027068
1726945527905,63276.43505382544
1726948820141,63195.69319932743
1726953762641,63153.94261495951
1726956936593,63135.94706839281
1726959788495,63245.85509990384
1726963753430,63404.0397412204
1726967548381,63221.03626631864
1726971153641,62994.183303289064
1726975231663,63172.702042744386
1726979253332,63128.63365328686
1726981252689,63143.39093156379
1726984879443,62950.492870246606
1726988462642,62872.55269458728
1726992649291,63029.7759254394
1726996481333,62849.84372885954
1727000621910,62720.62608203571
1727003333665,62630.55580520489
1727007804547,62884.44002271679
1727010597629,62812.42354825584
1727014698726,62700.898433980416
1727018099305,62629.676874796736
1727021757631,62591.27215225804
1727024732046,62784.84428558446
1727029529284,62924.27314216407
1727032430770,62898.99272469967
1727035850287,63238.25175392767
1727040317650,63304.5401448964
1727042651249,62734.546819803894
1727046633974,63849.17256282697
1727050243712,63458.9142356631
1727054442597,63776.94859257198
1727056940543,63820.0405246694
1727061728672,64501.15829950209
1727064099283,64306.459582669086
1727069159881,63792.9532888288
1727072365009,63651.56887446489
1727075255559,63624.815594830434
1727078960068,63439.76687029365
1727082545646,63556.53491966304
1727085662563,63638.03054249659
1727089935368,63418.90810348824
1727093988901,63342.77255777203
1727096841052,63365.70408770886
1727100554179,63256.27299901569
1727104243065,63178.5404933955
1727107955327,63579.928590958574
1727112120390,63211.27843149886
1727115923776,63412.95660391257
1727118841535,63379.45064316519
1727122479731,63377.9661035729
1727126889772,63425.84478353017
1727129971814,63277.13975480292
1727132560056,63270.97049959894
1727137349108,63293.02227584865
1727139876435,62916.27331139424
1727143293527,62932.24332229067
1727147681485,63058.87304547308
1727151577210,63062.21063151522
1727155195048,63156.44736973828
1727158741566,63286.2928040735
1727161960179,63409.31637361686
1727165270571,63632.35809448501
1727168732093,63869.96763625674
1727172582245,63585.918945046295
1727176796676,63411.43309603601
1727180870768,63659.06812557422
1727183090047,63443.50486853077
1727186558324,63486.36710004105
1727190794835,63280.81184745907
1727193886047,63187.87136572216
1727197439099,63280.72061497188
1727200846602,63913.55325981623
1727205885644,63796.65187679873
1727208296832,64313.83296170882
1727212036777,64262.188119867395
1727216307293,64500.5097419534
1727220432713,64470.556436023886
1727224278488,64130.604526076364
1727227550691,64109.68604562235
1727231204535,64481.86159714476
1727233303687,64422.42516647876
1727236864291,64468.16327732497
1727240673809,64169.49665558019
1727244501672,64101.884913661226
1727248304461,63826.695542602756
1727252225023,63829.56074077468
1727256569660,63720.9499132722
1727259184804,63513.596264426225
1727263314632,63569.073692051796
1727266842038,63758.85574568504
1727270605015,63545.47680207279
1727273747797,63717.64211146071
1727276780610,63984.639852140775
1727281322543,63548.72429007291
1727284746142,63401.15911142987
1727288341979,63210.56613653398
1727291095623,63339.70358428479
1727295979482,63327.78550657698
1727298671999,63484.87451909205
1727302495295,63459.84804425882
1727306068463,63149.826766914484
1727308900903,63146.20550375649
1727313814072,62872.963592621585
1727316528006,63107.034437457965
1727320308363,63355.715168777795
1727323748754,63476.86246501799
1727326940693,63419.36452917887
1727331798025,63759.106213995015
1727335138108,63682.8261234965
1727339050531,63769.852521841574
1727342466922,63627.59128573844
1727345986258,63890.3278883831
1727349628806,64329.51167119158
1727352927948,64345.08693505475
1727356995518,64417.49599534962
1727360575144,64966.42607826345
1727363250565,64606.33879645024
1727368370084,65498.62114832278
1727371531806,65501.33287313312
1727373645136,65216.730040768525
1727378375230,65223.19566762516
1727381800853,64754.698699133485
1727385203920,64840.67968468501
1727388554079,65182.274278567034
1727391692245,65069.996931185764
1727396754125,65130.76889730757
1727400728487,65257.84821753061
1727403048827,65161.216740739495
1727407744729,65001.916837761106
1727409752380,65379.61458684698
1727413633394,65324.10946330212
1727417213385,65450.82150945821
1727420856844,65377.60977075083
1727424189207,65467.56135478949
1727427815550,65743.28948854572
1727431340202,65780.33592293535
1727435520299,65552.91924229098
1727439126775,65506.10948297404
1727442695040,65732.40913835916
1727445862433,65698.23958863805
1727449916644,66236.29079707348
1727453221837,66078.60645198142
1727456498227,66304.16788396394
1727460095419,65907.98103411353
1727464058905,65939.14922858913
1727467324682,65679.18518404018
1727471487135,65800.61092989425
1727474682768,65844.60693332016
1727478131549,65884.02303004314
1727481997225,65814.92513343158
1727485928057,65866.28918042478
1727488938222,65985.80791540285
1727492501118,66179.30139362172
1727496474537,66055.39256454223
1727500356543,66002.01485251758
1727503405822,65973.97555027081
1727506913359,65819.48599511909
1727510498175,65845.12292222944
1727514071146,65648.5225463475
1727518005139,65637.96021865046
1727521851384,65797.79718639013
1727525206918,65738.67193806835
1727528674331,65549.73524812268
1727532721230,65661.39356676763
1727536131847,65697.49723301647
1727539790434,65621.90910087393
1727543008658,65537.09538589083
1727546417918,65619.82551684372
1727550325153,65718.62003092236
1727553867840,65732.89730514001
1727557574140,65689.00011937223
1727561556512,65607.80630933864
1727564649780,65703.24498884352
1727568044174,65869.08869010779
1727571996497,65753.42856477744
1727575596679,65849.82181514482
1727579240519,65784.3515787368
1727582619978,65820.39595280106
1727586083823,65753.77455822933
1727589732621,65605.49316578607
1727593309276,65495.73327312595
1727596963123,65483.5766220925
1727600536675,65572.91228582137
1727604701665,65581.60377130368
1727607963144,65597.09365064261
1727611793705,65762.89489896805
1727615073325,65635.49194243642
1727618459361,65814.50773734815
1727622549780,65636.22650367954
1727625765809,65756.8496125422
1727629745038,65802.63199782168
1727632953725,65834.19396282289
1727637188737,65810.72918645393
1727640756240,65955.12768292298
1727643703294,65828.7934295196
1727647357324,65898.99855442859
1727651660083,65586.45298542893
1727655284095,65527.11644598126
1727658460220,65463.51029871186
1727661878635,64746.39422306732
1727665358961,64396.475068537344
1727669706679,64484.969411959624
1727672857746,64433.83839159956
1727676097128,64537.123463429336
1727679847138,64349.82336854003
1727683281630,64587.99699957813
1727687057185,64318.776746778014
1727690620760,63616.34230857029
1727694374198,63568.17951393721
1727698003765,63865.76587841092
1727701315828,64022.25371999935
1727705184297,63833.48490125871
1727708529097,63748.92772707046
1727712506364,63583.09984434522
1727715838112,63486.25842123686
1727719475363,63666.31684713173
1727723244807,63449.59115410886
1727726889322,63503.49356014067
1727730203540,63791.957559365765
1727734111129,63686.79515140152
1727737390079,63469.3026729772
1727741325670,63356.22260582781
1727744414828,63501.74133444947
1727748205557,63415.08962787346
1727751817302,63412.18315733011
1727755464632,63705.4811336735
1727759399607,63757.081328592845
1727762840390,63800.85417413033
1727766440351,64004.68196367795
1727770105875,64080.50178633876
1727773724548,64004.08662239725
1727777441708,63854.36636664453
1727778652000,63838.28685560425
