timestamp,volume
1720004813314,25329561960.710705
1720008622841,26311336094.688297
1720012227767,27245527274.976482
1720015357903,27314306843.492767
1720019116910,26385955948.7706
1720022579727,27045910705.666977
1720026687941,27733295707.377926
1720029981455,27913352958.87564
1720033568389,27775723187.180992
1720037437963,28663278715.510838
1720040490281,26905753275.702103
1720044623374,30090581488.54869
1720048081617,30303593677.95991
1720051731868,30392404224.147316
1720054958125,29597489227.607216
1720059091716,33355660297.44243
1720062541076,34568522100.55703
1720065766174,30030137469.694584
1720069890724,34697847680.58823
1720073257267,34267045778.781162
1720076869662,35554723505.66818
1720080151123,36502468696.244316
1720083927772,38437561471.82301
1720087287030,37327670681.05015
1720091249284,36240349459.75345
1720094773930,37797064232.87431
1720098226042,39042026261.00258
1720101931314,40600009646.92142
1720105428590,38350081112.61704
1720109051489,42338373282.42858
1720112990362,42315783819.130844
1720116090623,39061810747.378815
1720119644727,39520829529.8329
1720123267353,42621517496.50553
1720127100191,41977450837.78143
1720130569352,28675967398.414318
1720134331679,41779082608.45783
1720138083254,43785056555.930504
1720141835352,42466189272.685394
1720145203367,44308650186.92098
1720148756742,37528463205.16738
1720152175198,43800003817.65339
1720155638860,48231753570.83921
1720159389260,49584943125.39
1720163279741,55232840698.705505
1720166574475,51836557158.559944
1720170603048,53574302682.48981
1720173723491,53321087738.732994
1720177815176,54036307021.756676
1720180906091,51271942782.90713
1720184864096,57467708943.228325
1720188405460,56498331447.41799
1720192168920,57443428812.37593
1720195518173,58083333526.73558
1720199027930,55924245854.51026
1720202921222,60784512507.67495
1720206232933,61596173419.13838
1720209668843,60784668274.98865
1720213736403,62055662488.86088
1720216841274,62181942691.86496
1720221001932,61399786262.508514
1720224277161,60093024057.19495
1720227807251,53370409790.01048
1720231695167,52299458001.57686
1720235283163,53484469100.25505
1720238566685,46129432396.92062
1720242669734,44381456055.63612
1720245853533,43161206010.62605
1720249737558,41137472175.15574
1720253400493,39129847490.005226
1720256465288,35819381748.16882
1720260646378,36829061437.47942
1720263694650,27863704120.414154
1720267409122,30147895800.20986
1720271047823,30159825025.87499
1720274713819,28407783122.624672
1720278101419,25305070239.899986
1720281745467,25448997535.438812
1720285545600,22362232775.659912
1720289378468,21606880030.98832
1720292725418,15872601467.747604
1720296113571,21415409220.79189
1720299698531,21111094972.65006
1720303252289,19624979409.6278
1720307320525,19503549422.767456
1720310700058,19881710912.92408
1720314263205,20612308105.813934
1720318064365,20122046441.08164
1720321538816,20142143470.897156
1720325288217,18029030340.313602
1720328576333,21071307837.373722
1720332089147,21007046219.494957
1720336032674,20545728951.77947
1720339675557,20994997475.935192
1720343312264,18627632745.504944
1720346872807,20878402457.10481
1720350266259,20573719490.619377
1720354067903,20773838537.881397
1720357565450,20696696327.57899
1720361328625,21012748346.32637
1720364919068,21204263016.706238
1720368542967,15368772225.439892
1720371713380,19547631665.833138
1720375306842,19577352716.160576
1720379446759,19497602240.27211
1720383124192,19296555716.536892
1720386096649,19075392042.2138
1720390176537,19862428308.776398
1720393696557,18546068056.34126
1720397381513,20693720369.153324
1720400867667,22209771066.763905
1720404573949,25407825221.260754
1720407905174,26054867163.62536
1720411709725,25665659234.904297
1720415326003,26295431784.155445
1720418996571,24716385867.655582
1720422686913,25084847748.468353
1720425767435,24923428946.165714
1720429434632,24979797727.23587
1720432826546,32324463188.23584
1720436975831,33984720162.550488
1720440046474,15830792483.386812
1720443922997,32376071122.792248
1720447869981,34331469764.93741
1720451310189,38840091724.50182
1720454879771,40238977158.31032
1720458199880,40660652314.8827
1720461990973,38919499489.49153
1720465687699,38668550632.3438
1720469326617,42537556960.15235
1720473109913,42908929431.147255
1720476670054,39766995666.22894
1720480284068,42371815518.2463
1720483894787,37441905810.69542
1720487534503,39309731313.63662
1720491123680,37979977002.13737
1720494104520,37613110738.786285
1720497628293,37562925735.99353
1720501369184,37234378728.55422
1720505318831,36897245420.07219
1720509216466,36877298833.575874
1720512165437,37239269304.039856
1720515692965,35576564385.16454
1720519672904,33606807103.074783
1720523264802,32525791873.917534
1720526526367,29455053720.80144
1720530316148,32094428450.089878
1720533784544,31626824143.445915
1720537790802,27141516280.562016
1720541012067,28626917822.627403
1720544985995,26495494325.058475
1720548537178,28249444830.615147
1720552079268,28815516445.62619
1720555956111,15476317992.078873
1720559345172,20651818252.200245
1720562623757,26077100666.09322
1720566058081,25414424297.45084
1720569828078,28449155212.757774
1720573471632,28238384297.58044
1720577081605,27491769151.93829
1720580504311,27983699299.300293
1720584544032,27927685058.113228
1720588001963,26768156523.71527
1720591421274,29941499082.062366
1720595193457,29415859366.51404
1720598433438,28936121533.02412
1720602569956,27024228817.077374
1720606157667,27665126495.100067
1720609850368,27441225635.84438
1720613017925,26221706639.057293
1720616983767,28729558946.005924
1720620364755,29246791996.590996
1720624136193,27729421189.817776
1720627770562,27710838668.454292
1720630902217,27279841130.96258
1720635088468,27396717118.476093
1720638055571,26592304218.831882
1720642122610,23786047880.766598
1720645328672,24092176871.28133
1720648828434,24537343036.592693
1720653048341,26431410858.163
1720656718571,26116004979.33151
1720660041495,26423378114.577995
1720663701765,26521451789.062904
1720667397296,23859843591.811596
1720670542530,25248597119.887817
1720674020044,25657521119.261734
1720678101053,25449025806.088516
1720681560240,23628279288.77483
1720685283601,25482492314.735348
1720688996078,25249932360.83761
1720692079534,25196778571.572945
1720696308246,24964042508.700306
1720699447742,24198708687.912743
1720702862798,25567540182.084465
1720706880875,27317083809.271637
1720710567406,28652187542.31549
1720713864820,27458191544.185314
1720717341005,28872460732.106155
1720720804950,28815184707.738712
1720724965144,23108832753.49101
1720728631910,29058990470.50597
1720732012080,28560689084.165646
1720735431035,28844197511.509068
1720739228088,28788081588.535297
1720742776153,29445698668.41561
1720746590228,24464663355.886955
1720750191443,29713796249.34714
1720753643821,29854977824.67798
1720757070942,26948672440.734913
1720761036894,28731639072.940628
1720764409775,28298093338.208817
1720767912409,28731596401.466534
1720771430507,28778252082.35313
1720775287281,28831903608.193645
1720778739266,28503475972.457077
1720782416600,27732302521.774956
1720785626511,28404238760.321247
1720789621779,26494356132.536945
1720793300022,25206408547.78021
1720797147011,25441001310.98108
1720800102442,25180024650.098156
1720804085467,24994374536.26095
1720807633532,25013550650.502113
1720810892408,23190282803.41439
1720814890479,23801437835.975155
1720818118863,22286612029.788727
1720821706040,20700691579.886353
1720825611258,26003734091.802677
1720829229039,25477303555.308113
1720832959898,24588878782.869404
1720836613026,23451784642.599384
1720839885145,22855456838.928577
1720843235562,21228798698.093773
1720846838147,20353260235.64259
1720850532256,22810561624.264584
1720854150380,21672312467.32118
1720857996365,21479108014.595676
1720861273976,21041993487.229366
1720864966594,19895818022.27819
1720868817050,20308269849.463264
1720872255093,21505048949.956078
1720876053016,20148452988.904972
1720879499740,19511697950.31971
1720883030580,18597449681.630802
1720886902141,18016848132.489876
1720890226173,17494847441.323467
1720894190269,16877271914.484495
1720897764818,15699205606.865883
1720901367579,14758480869.652174
1720904627540,12893208027.999393
1720908503286,13527867168.764338
1720911675611,15088607994.818834
1720915434577,14012758672.969776
1720919203234,17572722509.306602
1720922695156,18044659783.517822
1720926088366,18260929011.140083
1720929761655,18216918049.528496
1720933681183,19543491112.827682
1720937408056,20458463586.493126
1720940995258,21063432906.00724
1720944297924,21310220597.877815
1720948198821,21714389462.29017
1720951760681,21318355169.42677
1720955016203,19752350424.63964
1720958659221,20943703230.197403
1720962181943,19791088237.63336
1720965817096,20634627850.19233
1720969433476,21680910233.73646
1720972907238,21631649844.700096
1720976551147,20776840989.836926
1720980584279,21210661688.10329
1720983687049,19417980695.23183
1720987686795,19954159922.339092
1720991205508,21736267359.012505
1720994962032,22798556271.7742
1720998624402,23220355906.184772
1721002161002,22630437159.2644
1721005656227,15659193395.278605
1721009000503,22340763303.770252
1721012533357,23897970422.167255
1721016205138,26494126239.995396
1721020189582,26191551117.459244
1721023887097,26093293011.765377
1721027136325,25256167382.033726
1721030598690,27415605475.972946
1721034414460,27209964662.47009
1721038109337,28510203256.99575
1721041884499,28375150767.748158
1721045046838,29085486788.801594
1721048810037,29220358958.39241
1721052715503,30491049780.702133
1721056085395,25058836453.533073
1721059380311,32275669483.903492
1721063251234,34014530145.1467
1721066627821,35397390546.68881
1721070308379,36811734619.93402
1721073827154,39010332619.06241
1721077714458,28384342617.019176
1721081480785,37760808051.111824
1721084808732,39141033441.573135
1721088599658,40094042069.0735
1721091854722,38289450379.6534
1721095916362,39566428961.41476
1721099120442,38148803829.95945
1721102709705,35551336010.952835
1721106009470,26565525291.932785
1721109980553,35187387302.7372
1721113565601,36025346749.84402
1721116858634,37993536832.951965
1721120866728,37881739316.20922
1721124540330,40977866143.00891
1721127671759,39273498003.03517
1721131492927,41139374342.817955
1721135179874,42811680263.12982
1721138850507,43195046978.10325
1721142511879,43133058814.38941
1721146025641,44555551326.064445
1721149470090,41675584099.05103
1721152941050,44611827785.65898
1721156567814,42472660515.11394
1721160652288,40720833388.180466
1721164160075,44727936521.65289
1721167589181,44088070114.984375
1721171292343,42544975954.96511
1721174886489,43816446896.52314
1721178633147,43718907645.45618
1721181721220,41949419627.86558
1721185760596,44846565116.23148
1721189044908,43745660832.54102
1721193211338,44497649545.40625
1721196440297,41774716294.22397
1721200338701,41059067848.29795
1721203779645,34140383043.666367
1721207120758,40155832419.824974
1721210950870,39937359343.20394
1721214402732,39023412200.279396
1721218120018,37070183660.85265
1721221426557,37555546233.88724
1721225454493,36152630471.45819
1721228696636,36322786508.37706
1721232520207,36610913720.62583
1721236070908,34736521244.16974
1721239661357,36773910442.063156
1721243305414,36370624346.860435
1721246714204,35597678031.00111
1721250039330,34852443248.101524
1721253994001,34536195175.907234
1721257502078,32688364531.645157
1721261001358,33430369739.12787
1721264444078,32909008108.687084
1721268272166,31166475412.100075
1721272156174,32599238395.821133
1721275762208,32155535190.72421
1721279494973,32063219464.008984
1721283094851,32494826300.996563
1721286364201,32321101696.64108
1721289811488,29793757928.15591
1721293357499,30770538158.1191
1721297524854,30687689432.526184
1721301054036,29342044216.521595
1721304107150,29818210864.26903
1721307609263,29507592928.0332
1721311447986,29165388893.076313
1721315383163,27537593241.285088
1721319245584,30157800782.127937
1721322573031,27223920502.532284
1721325776875,28136803991.122967
1721329337513,29142673647.861668
1721333533311,29142386190.46868
1721336907350,24729363250.700447
1721340738848,28578175653.761433
1721344307763,28369738183.74712
1721347727153,24035686607.754494
1721351130831,25380958617.86012
1721354550260,28235944091.706482
1721358321433,25480004348.33115
1721362322194,27576109454.736187
1721365785217,27278600294.385124
1721368823847,22471157960.929
1721372727229,26909653702.323166
1721376666615,27804908548.421574
1721380138242,25850416751.72026
1721383461983,26842077898.14979
1721387204573,29223336615.575157
1721390659242,18430740450.83365
1721394652763,28936208310.202812
1721398048356,30906734002.243717
1721401211015,32394894648.433426
1721405370870,32673526411.338013
1721408970105,34493522998.55168
1721412727621,21061067332.42065
1721415761784,35911159816.87129
1721419354315,38262796377.61919
1721423015086,39440309373.68225
1721426552715,39167782924.357544
1721430394618,38598423018.54082
1721434204564,37361157041.72066
1721437426051,39508758059.88979
1721440838255,39694026124.268654
1721444723047,38263155055.895615
1721448585771,38692729247.46621
1721452185385,33309438613.941273
1721455675479,35562324932.052956
1721458959169,35007234500.068504
1721462959746,37120987070.66782
1721466275930,32378733852.043354
1721470171855,35587651791.5737
1721473483894,35163395700.980896
1721476864218,34783867447.95429
1721480859527,33519209225.31999
1721484575273,29014850507.905415
1721488183806,25548289589.51653
1721491780472,24977011715.8309
1721494889318,22209371857.247807
1721498693185,20851320221.153255
1721502542921,20621301635.49024
1721506083931,19164054503.658176
1721509315316,18588716231.640083
1721512994211,17481859841.215313
1721517016843,17375644550.926514
1721520623454,18881443362.220337
1721523792519,17153277377.862556
1721527459414,18110901041.397953
1721530867524,16004943667.266554
1721534604523,16487957765.936625
1721538184194,17160622489.08039
1721542073838,17613920838.913437
1721545419233,17948391020.73703
1721548851192,17639735123.59535
1721552452513,13086665085.613852
1721556112848,17612735114.246403
1721559678817,16416296507.566143
1721563375153,17520264694.48257
1721567452531,17794574528.69403
1721570956594,14314802891.206787
1721574197822,18843626329.829777
1721577883631,19284520201.11574
1721581589859,18180261360.531757
1721585321999,17550897548.922775
1721589046474,21179576548.5219
1721592652689,24154545690.603203
1721595831855,26462868191.789703
1721599611954,26739966533.558006
1721603087060,26584789593.396168
1721606557090,20685853575.840492
1721610182487,26409482913.338432
1721614096435,19276838491.173126
1721617744463,26970023122.81615
1721620920371,26701054727.47355
1721625257617,24823552208.91268
1721628153617,29552848383.68027
1721631695508,27847256663.551937
1721635713515,14965245358.691935
1721639504462,28912248313.95322
1721642530104,29416132252.24946
1721646527379,25787839746.78522
1721649756944,31458263648.61329
1721653848353,33672232718.35084
1721656892075,33922834429.74004
1721660870734,39769163329.540276
1721664152687,35171611408.43626
1721667908037,47548263116.830215
1721671346915,43069975125.81914
1721675452781,28329615295.025543
1721679070694,44459902127.63695
1721682697416,43041569087.187546
1721685761284,37975035214.774376
1721689711030,38343491902.15147
1721693385550,42196800331.00193
1721697063129,40531481356.10989
1721700656679,40942248440.189606
1721704053038,32620938409.317463
1721707488781,38041433680.01644
1721710988608,42762861746.03075
1721715150475,40263341569.52163
1721718395203,43038709548.04987
1721721748316,43844252719.26362
1721725250858,44582172428.07709
1721728833757,41304997389.26812
1721732436914,45358034517.075645
1721736278783,46197521625.25899
1721739949436,44670170063.50505
1721743466019,42861414618.690475
1721746937922,29473798868.154194
1721752696274,37847008550.016174
1721756051099,36486193059.03818
1721759783982,37333408395.166176
1721762208605,37168717769.676674
1721765061992,31349338764.80015
1721768421042,33262728477.295
1721772538956,35315570416.13609
1721775691485,33967529710.61453
1721779220769,36100536095.18872
1721783082498,30771734438.68753
1721786654342,36369510280.158485
1721790280216,37233660009.52343
1721793862911,34144609537.29582
1721798173937,36420678824.388954
1721801812350,31593672759.345684
1721806354690,32204826694.51393
1721809108753,33937187944.36399
1721811640958,34684977727.32477
1721817229151,33577367006.68045
1721820694766,32804522199.022133
1721823505633,27771452587.41795
1721827020022,31987415168.015205
1721831064388,30668007513.575123
1721834932865,31140481624.334972
1721839127475,29563476668.658398
1721842093989,28718118523.1881
1721846256061,28729596938.890064
1721849755149,28789173367.17221
1721852792907,27805404985.273952
1721857053113,28548601902.220894
1721859099814,28871084778.547188
1721862198379,29082811686.0599
1721865655709,28680123269.715443
1721871441631,31204953703.059017
1721873178524,32018950807.96241
1721876734795,33805994237.44375
1721880162081,32655835954.346973
1721884369518,31686527142.849564
1721889437278,35514583351.539825
1721893109490,33041062322.996582
1721894729814,33969929946.096935
1721898943133,36252659459.95018
1721903292889,35665004725.96047
1721906857211,36298404250.482956
1721911127903,37414983308.42409
1721913467270,36821168856.03129
1721918168876,39082608338.962296
1721920860374,39807462149.73672
1721924034270,39311065368.69276
1721927634564,39127349912.16516
1721932693239,39411332657.87323
1721936263185,38935262720.914185
1721939006199,36682860000.50114
1721941734219,36748931135.39468
1721947154866,40295722152.77585
1721949633957,37192122508.99695
1721954207605,40314017323.757256
1721957834551,38644632282.97842
1721961073819,37726989915.36057
1721962906245,38054554573.28014
1721967213059,37781278135.99075
1721970886720,37507315880.38634
1721975885466,26219279843.30707
1721979755651,36847893271.78638
1721983261539,36801139351.623055
1721986942021,36694802086.05242
1721990485571,36642568692.9786
1721993979286,35117093918.68449
1721997637532,36205547671.01399
1721999025954,24627701425.74142
1722002446094,23213154379.881104
1722006436752,32413495970.111603
1722011812338,33529069299.46644
1722015395799,34691761880.31253
1722018325161,30609923220.644413
1722021217134,30459465775.694386
1722024263281,33364600746.465496
1722029996023,31969807024.375244
1722033187921,31479992771.306225
1722035503101,25881309387.205757
1722040291827,24949440734.392
1722042402583,30181098920.582237
1722047807623,26648759479.029526
1722050048341,27610807284.340816
1722054572184,26129107053.785305
1722058738308,25034927829.45158
1722061746730,25030548308.32134
1722063748806,25309510992.74003
1722069575044,23521031051.262543
1722072480599,24633949346.88833
1722075399625,24307700817.588013
1722078588518,21557513934.861473
1722082673815,22858855798.597298
1722086991205,22734518967.782024
1722090690042,24390951892.891376
1722093119475,23538135530.719482
1722096729700,21897699439.407715
1722101237532,22238876603.633404
1722104562862,23887676961.88628
1722108560029,23483391577.994442
1722112488838,28488173926.520653
1722116217785,29767258724.035675
1722117998516,35271559758.46986
1722123221023,36201428151.823456
1722126739535,35794123788.05987
1722129773532,37167071545.51429
1722133228315,37268286279.36688
1722136386258,33640453957.41602
1722139899689,36897067212.881645
1722143434464,36635462729.68925
1722147611748,34916504812.32422
1722151600809,37297168029.17931
1722154231647,37771245344.43928
1722159154527,37606273676.411476
1722161434017,35129031260.93563
1722166235709,37547777295.63417
1722168644227,35962127873.3925
1722172506440,26809206176.44215
1722176189856,33666357325.17828
1722180253385,33750682330.0347
1722183209271,31394433555.899796
1722186447267,33034571191.577904
1722191189723,32222453424.76289
1722193526081,32213456737.037895
1722198191470,24689745731.97408
1722202191024,19139229634.943604
1722204542773,18560935670.584496
1722209189007,14305848589.762379
1722212542175,16814838306.658623
1722215880301,17023451660.8651
1722219781472,18586598294.68019
1722223714559,19018088966.83699
1722227548810,19865959250.83703
1722229609301,21199641674.71536
1722234685354,21366857479.792316
1722238268307,22180450003.12946
1722240551079,21255848089.70987
1722245322418,23167699930.59521
1722247457682,23339281027.837273
1722252340606,24041266164.723484
1722256131647,22876926799.274128
1722258071053,25246339131.076763
1722263437732,27034222446.46723
1722266315582,31106935202.10901
1722270070916,33150650912.932472
1722274068293,37978119368.33003
1722276276984,36699343634.71679
1722280911579,40131437007.610344
1722284036233,40604079869.485825
1722288045575,21561707731.71262
1722291111030,39009750612.629456
1722295088002,23260330938.244236
1722298225993,42347184004.560875
1722302552578,42800209526.492645
1722305689250,39262405466.07967
1722309505833,38578137150.90893
1722313428518,42130854531.16327
1722316737186,41323598033.45635
1722321523158,37195877021.64247
1722328031306,40533726834.03348
1722330584310,38010171512.99086
1722333976980,40144656225.264244
1722337654428,38609560487.485756
1722342339718,37415610505.5242
1722345538974,38931928023.95007
1722350168126,37047829094.443436
1722352524133,36789623808.3573
1722357221503,34493486169.01343
1722359528996,31755484454.646202
1722364122916,27837975524.405746
1722366080057,29868329428.91222
1722371714875,29148182751.74374
1722374239908,30449696234.04023
1722377183709,23784369026.804344
1722382030052,27499836726.14479
1722384168725,30598476075.12755
1722389133110,29311694135.934593
1722392510414,28648870235.449448
1722395565960,25570339402.358444
1722400478191,24228918740.95057
1722403130588,27970738496.93885
1722406964913,29065104972.693424
1722410883375,23745709428.923477
1722414935166,25713621003.984715
1722416569142,28683392276.386887
1722421054090,27177131078.51628
1722425353692,26098733737.72086
1722428179783,27826319072.24125
1722431904791,25704016524.50103
1722435269861,25073726852.602913
1722439923152,27211780228.081627
1722443547820,27371083253.06328
1722446195347,24159286008.49712
1722450927800,26789477532.65768
1722453275506,24097630061.20054
1722458213632,29091012644.74486
1722461742864,25895708982.35578
1722464871618,30846239918.858707
1722467868393,27616954831.89291
1722472077600,31702738432.301594
1722475980310,32785126192.25693
1722478766818,24480514435.728172
1722481313891,34622017241.209404
1722486279448,35845040019.47006
1722488443970,35902545216.616905
1722492302148,32205413270.85924
1722496891672,36203568404.94649
1722499916624,28617452636.229378
1722502933314,36212002590.69505
1722508297401,36784829115.75878
1722511155515,36847033145.86101
1722514629431,32828064071.84694
1722517448796,30297141514.142723
1722521460189,28092786313.522778
1722525033134,35644390324.896416
1722528803232,38076601037.94755
1722532851875,30191146293.649837
1722536843096,29648576052.127953
1722539699109,36115714583.58023
1722543588352,40146373729.77979
1722547490046,40132867595.29417
1722550375916,36355838704.95827
1722553298411,42733459226.02746
1722556829146,38911302447.60912
1722561588195,42531881886.19006
1722565436067,17943631118.492775
1722567692600,37885080277.7936
1722571790497,37543158603.33483
1722576388488,18609043918.607464
1722578986098,40103196712.266624
1722582889073,39322091971.205574
1722586493695,41033367246.225555
1722590094081,40350787229.9184
1722593696809,37692421359.23057
1722597283659,41607540163.800354
1722600294727,41845582782.73
1722604488981,41879775975.17412
1722608304171,40099922551.60709
1722610816576,30732704003.066288
1722615104166,39676161913.748764
1722618992970,45960352175.25461
1722621633786,42933232130.886086
1722626849635,39805194433.73028
1722630768412,44536544380.70786
1722633979082,38597093829.278435
1722636427256,40237615280.25514
1722640408634,44829303869.93758
1722643877052,44878514232.21223
1722648222825,44136374428.467026
1722651811509,47971433920.37681
1722655391280,47093485839.30481
1722657719875,47720934531.502045
1722662131477,46767162717.84269
1722665698742,46090947102.80705
1722669746447,46144671398.11515
1722672815841,45851031045.57551
1722676124340,40841956899.980644
1722679984451,45381543597.389656
1722683575700,42224305856.27772
1722687779360,39865592880.710495
1722691436790,22068641180.896317
1722694193642,33637932508.10441
1722698626858,35724241351.9092
1722702810049,31299890206.715633
1722706203212,34574796242.19731
1722708016354,36187403938.01172
1722712316678,36596314700.976494
1722717014158,31933441584.001793
1722719872873,34174501869.824608
1722723922773,34133092745.63713
1722727462809,33566813885.305973
1722731155417,32606523056.284603
1722734264169,28012443923.320656
1722737961369,25864484999.031796
1722741262747,26468743373.15841
1722745113566,28554248947.000046
1722747752406,19853034649.522327
1722751844057,28394048645.574387
1722755659141,25511824920.6895
1722759941871,28639055690.517563
1722762725949,28246377420.65659
1722765705566,25244082457.569344
1722770858160,28240869440.104053
1722773945795,25209338076.696632
1722776822881,28158891292.170113
1722780583304,25391487241.81976
1722784539369,26943373744.089928
1722787658916,30611157549.716568
1722792134601,30096196854.44934
1722795362393,6582588043.007971
1722799041777,28150992812.957943
1722802860565,27679299047.079876
1722805229315,29579112733.849567
1722809929022,32187258647.104137
1722814136490,31470547873.879147
1722817578265,30128366015.606163
1722821211555,32922016245.829304
1722825092479,50122090149.49124
1722827092985,46426245259.17886
1722831261966,55244335758.98814
1722834863904,57712928832.115395
1722838975528,65449293754.433266
1722843118603,73098901004.93806
1722844922383,78128461798.27446
1722850272722,68886764263.23001
1722852355009,85879946473.49594
1722857532060,84303677264.27866
1722860386940,92486265148.83142
1722864805329,99449893255.79529
1722868013966,103346721249.32011
1722871971536,113246144823.69016
1722875368589,116017530359.45685
1722878263492,117867549768.8524
1722882731101,115797967932.53976
1722885391989,116028607919.513
1722890214079,105078138340.84491
1722893605177,118244304055.53761
1722897265512,121425190037.07874
1722899605884,103443805223.01578
1722904421479,119849113375.97755
1722907222109,103492276720.61052
1722910533921,108997850593.16795
1722914489474,106064055540.31387
1722918824591,102988786954.45578
1722921923908,95405661798.76369
1722924957346,95456489479.26753
1722927933251,79960151173.80887
1722932574348,81235267877.89066
1722937160931,77597714326.176
1722939226937,72724197231.0846
1722943931875,76531155186.38918
1722947797319,70063476583.37889
1722949581783,70066185165.57227
1722954898463,64274367312.494064
1722958632397,60593109717.634
1722962175777,52244612542.44727
1722964005344,55345007060.54556
1722968782591,56908311199.6974
1722971242174,54580113067.31627
1722976121630,47481899703.85231
1722978297645,53554305286.705765
1722983157271,47378918017.18745
1722985752816,53030175600.23698
1722990733549,51925151519.52437
1722994435714,45841480030.94207
1722997952029,50493378681.96916
1722999892298,45696737514.03999
1723003496487,46718645301.745445
1723007307157,51651794438.73745
1723011164285,51523659645.90682
1723014292668,50907307116.44158
1723017882758,44536445382.48178
1723023653996,48030837129.095314
1723025023193,42941782292.27313
1723029632628,46044221262.276535
1723034507940,47112780500.94755
1723039591467,41199938965.939186
1723045561330,44016638745.54984
1723049992286,43590008116.35969
1723050331787,38566548379.365845
1723050420898,38566548379.365845
1723053738319,43189063062.810165
1723057607813,43800030586.31647
1723060965859,38354912992.10126
1723064694927,39728266756.594894
1723068507995,38813663843.022194
1723072234636,37542471720.1065
1723075582104,42655683909.98448
1723079153818,39907491721.61634
1723082916325,45531899267.776886
1723086431239,45321861536.17283
1723089744509,44795126313.62946
1723093746820,35138045100.22332
1723097612199,39322103401.58473
1723100470361,38946655112.9962
1723104869295,43599083847.79153
1723108646064,42496436771.4008
1723111260771,36425702708.341576
1723115688161,37858975907.491264
1723119295163,40964639589.86686
1723122658602,36900507385.56273
1723125770570,43020949069.14269
1723129391405,33675548481.0552
1723132876354,38939297669.60764
1723136977589,47191120308.228905
1723140311837,46748943598.06844
1723143792490,39035804995.0881
1723148338418,44311067126.43759
1723150862692,43464353633.21726
1723154493457,45219958287.70288
1723158976856,41441450004.72777
1723162709655,49405887526.4456
1723166259195,45339175351.10954
1723169653200,47272223126.47246
1723172427376,46341346231.69434
1723177064644,45930307243.39504
1723179883116,45706387869.71735
1723184205150,42342352708.45275
1723187920296,44964680271.82678
1723190459135,46628577053.3971
1723194934528,46426878898.07072
1723198669241,46369270493.621124
1723201787820,43130244441.31604
1723205573809,46843377014.888
1723208783312,44117653606.52751
1723212721533,45096670991.27863
1723216003192,40167427007.78615
1723219971116,42088613854.88578
1723223308993,37710884823.85635
1723226472388,40623584057.98777
1723230628906,35761526714.02822
1723234057778,39969646986.58452
1723237927369,37277465665.949776
1723241732526,39224142261.31317
1723244972617,36907899979.14343
1723248884591,34369776863.58998
1723252706433,34675466158.5553
1723255744258,34042755445.30539
1723259370646,33084522377.51954
1723263110662,28992138053.679108
1723266593769,32144043801.382923
1723269950174,30891793645.797047
1723273599232,30953654379.36152
1723278019690,27068661457.819244
1723281739417,29147542511.08173
1723285229770,29156415736.91936
1723288460169,24213476336.38039
1723291683832,27693326948.89258
1723295981270,18711737277.04758
1723299441997,24224315709.155704
1723302296627,22475890668.02374
1723306615050,21042456389.757015
1723309533729,19101648535.380722
1723313875172,19635724484.38838
1723317526768,18497646863.27703
1723320271656,17970834899.86925
1723324101051,16618846839.768637
1723327907455,14670954273.436073
1723330864241,15786237837.745644
1723334997494,14591265832.453323
1723338307559,13857676883.111893
1723341868265,13949665823.789158
1723345486692,13927870203.642399
1723349218827,14169540002.023561
1723352814538,14390927971.902271
1723356553665,14467662142.065489
1723360182597,14260684732.447647
1723363790073,11893583170.02755
1723367025635,12953964523.35542
1723371100467,14167617054.875452
1723374050172,15090476347.34263
1723377700760,14351517389.830994
1723382141545,16155409732.830627
1723385613903,14158348214.926327
1723388687804,15934229400.305079
1723393090017,17943733692.035328
1723395619476,18178447722.731045
1723399850643,18278477638.76837
1723404070667,17670716462.896576
1723407524657,19146070567.875057
1723410805910,20996473790.0382
1723414670841,22219642400.136703
1723418018331,21295945431.042088
1723420826166,21715994493.456894
1723425412875,24579835865.13604
1723429075963,24978467829.04142
1723432438571,25615518734.2414
1723436203302,25462520020.27783
1723439692093,25105525566.642494
1723443221985,24678853758.661118
1723446251195,24266442363.956375
1723450877650,26825961109.56732
1723453418109,28306600995.004078
1723457873963,28856379630.388657
1723461406972,27946493366.391014
1723464477221,31229753552.206455
1723468540672,27163217935.980278
1723472472725,33766029154.680557
1723475485984,35418531986.39324
1723479837854,37046417937.904884
1723483452964,39842483368.05591
1723486918827,40925832266.19068
1723490175485,37929466959.98136
1723494045451,40354442745.312515
1723497721240,36912251056.87445
1723501239701,35941423723.652306
1723504139096,37704096516.86542
1723507806838,40439663951.3801
1723511595334,36400843526.53924
1723514932257,39721510152.35372
1723519038951,35827454334.8356
1723522855826,38973461464.60111
1723526629709,37694331932.591736
1723529986177,36727530832.850464
1723532570292,39323695967.77144
1723537124123,38428799705.95102
1723540896909,37800190842.58907
1723543346632,37699297091.387634
1723547347455,36888162912.95918
1723550429938,35669551194.94841
1723554639670,35914034134.085594
1723558153370,32162382245.611805
1723561818810,28469809423.746807
1723566086515,30401867368.586666
1723568631438,31912189506.55016
1723572217304,25236894781.723145
1723576760855,32964914320.82871
1723580600816,30999774206.28364
1723583828309,26496604128.645607
1723586919348,32294150296.729324
1723591234790,32249506919.899734
1723593759020,31710460602.323174
1723597859402,29533305629.92021
1723601831757,28286621090.94464
1723605626493,29720493554.56813
1723609330085,29719978277.496563
1723612585267,19574839133.690838
1723615259898,30396209385.703857
1723619324286,30157202990.014404
1723622720166,29138017111.01403
1723626758740,26467436012.802834
1723630878850,26787911477.043205
1723634510228,28662127975.463097
1723637563782,29475177575.902355
1723641448807,30105669308.638798
1723645109134,31598452104.170883
1723648758231,31577895414.62728
1723652400444,34763174451.625
1723655945651,33510452976.34721
1723659128619,31835742681.685658
1723662731532,32280644883.875103
1723666094074,31228325736.359932
1723670141041,27959535764.131172
1723673283667,31305059584.996277
1723676781651,24840223499.12621
1723680850920,30328438865.60766
1723684808893,30562000193.86207
1723687985834,29234359400.795006
1723692240629,33131323479.254387
1723695116562,32745203655.974556
1723698958675,32895154330.33469
1723702052119,25849338910.97781
1723705227886,26714504864.442898
1723709578632,34240989276.570915
1723713746648,32974548773.406727
1723716352288,32086214218.06428
1723720234317,32761406194.18522
1723723544715,33554942369.857475
1723727530766,34124113799.317127
1723730577286,30711960621.058563
1723735281027,30713714779.172287
1723738408587,24810105949.657787
1723741764485,30341627178.537685
1723745380880,27547147256.600353
1723749537013,29798524103.935925
1723753104902,34751610291.079285
1723756086000,35904690186.65156
1723760334512,37053706618.87884
1723763735099,37753628411.50313
1723767215857,37425649359.90152
1723771008474,36629015848.79003
1723774261512,33910912133.905243
1723778180767,37091260710.65759
1723781366321,37218347628.89123
1723785577543,36064684507.58409
1723789129935,33019315250.5421
1723792066504,32175889400.94983
1723796133426,36674600696.986176
1723799337472,32851276055.30105
1723803524717,33166389472.618595
1723807393561,33278326578.367607
1723810286998,32779077564.07616
1723814256433,35729556539.22699
1723817012172,27590786614.74042
1723821777567,35086271521.11375
1723825376763,33784907703.647446
1723828798731,36437471307.221375
1723832526830,33550063061.685146
1723835912382,34960744993.37198
1723838679193,34137171874.973454
1723842293954,32898071041.245182
1723846720385,31089028193.762188
1723849229316,27591219682.166683
1723853955239,30080813600.33992
1723857450178,29570901324.45111
1723860536117,29882738922.264614
1723863765582,26734494327.710148
1723867556498,26478464502.00626
1723871918642,27699587996.93428
1723875769517,25619220193.801594
1723878757430,27050876745.746162
1723881804687,26894061474.598
1723885533670,24636920106.86927
1723889006713,24474401068.986675
1723893210014,25657917129.476265
1723896281057,22871471273.537437
1723899828440,23988851854.384647
1723903966136,21295620403.110416
1723907189004,19883726789.67583
1723911574037,19121876624.503296
1723914627335,18438618839.159416
1723918844359,17092912368.290113
1723921243732,14683374401.832697
1723926049433,14093553007.610868
1723928719351,14164176272.988485
1723932418490,13610950589.050499
1723936412856,13420388997.358799
1723940744628,12982216985.917715
1723942969230,11910485055.975428
1723946969842,11549793337.086323
1723950267853,12844294270.308714
1723954195768,13814905315.05282
1723957709128,14196127731.61113
1723961559637,14348765479.5061
1723965036309,12296842985.788845
1723968277568,14471778440.713963
1723971683900,13334560982.900127
1723975531297,14332260220.03322
1723979509711,15379016911.55735
1723982814036,14512622280.163774
1723986342843,14525550452.965122
1723990462242,14710477436.65543
1723993261960,16135336295.500229
1723997195505,15964834295.725351
1724001158684,13189275298.799456
1724004562746,16040591536.28198
1724008451406,15845824115.097082
1724012205263,12505950464.635302
1724015401142,15034210632.98061
1724018734130,16271249036.114634
1724022331960,16523650318.362768
1724025659074,17461095270.346966
1724029947795,19552256304.928844
1724033459515,18200036309.761616
1724037226870,19497788867.363716
1724041130176,16295450469.139652
1724043698602,18052254761.52331
1724047324057,19456447870.467205
1724050896272,19627967646.296783
1724054615895,18148040822.58148
1724058721234,18582312075.177437
1724062228786,17494811863.231945
1724065841584,20724305293.049393
1724070089917,18871408641.76159
1724073669419,21554411845.60213
1724076975079,22940063963.801136
1724080584719,22654186026.08906
1724083459310,24012221490.602985
1724087581102,13986797812.142498
1724091578183,24852870002.73472
1724095044350,25563936713.68667
1724097647796,19249892501.079796
1724101613368,24716060598.61671
1724105670845,21645054299.755627
1724109398201,24552043538.3285
1724113082450,23283438234.938835
1724116216049,24879855325.848564
1724119533120,24900045385.280807
1724123928730,21844286807.480217
1724126418158,24985990645.761154
1724130218756,27745792330.16612
1724134016900,29638192336.687866
1724137712342,29328350285.181183
1724142069061,29983434938.10973
1724145221623,29615598486.101917
1724149597221,28826129164.61796
1724152893551,28565508806.644295
1724155499815,21994060909.269913
1724159801810,24756290668.18335
1724162544701,25974132402.960415
1724167394420,29551165570.75125
1724170768133,32760717969.92034
1724173908046,32062763985.72657
1724177367122,31786483509.9206
1724181817140,29506976010.34481
1724185456835,30705557181.23104
1724188561625,31766396423.633224
1724191902113,28724195163.886593
1724195757806,32871093567.089443
1724198444618,31470716090.619144
1724202563270,28297643340.329483
1724205924148,30045809825.601418
1724210427639,28189147093.92903
1724213562881,29074882057.32348
1724216459895,28501203145.30661
1724221371714,27546048481.79824
1724224175187,25708751680.004055
1724227952333,27734187471.972927
1724232038650,18966977483.248505
1724234426320,25344514647.8163
1724238929362,26151154795.710735
1724242230849,27000434583.681244
1724246282896,27086439951.402615
1724249399324,25829015997.656082
1724252788285,25595427249.2221
1724256939721,24542646707.59714
1724259740568,26755087557.67332
1724263464131,24629305571.68686
1724267458930,27541211883.703117
1724271534240,31434988451.161884
1724274934181,29551103323.104977
1724278227580,32931375614.859707
1724281586484,31200412296.66028
1724286055587,33120048582.769333
1724289285792,34161879314.94286
1724293228213,33309126408.654896
1724296904602,35054431336.74973
1724300663120,31651706585.996815
1724304244799,33423802339.17381
1724307338558,34687804221.21164
1724310453797,35778574245.945724
1724314707083,33831630936.261074
1724317439026,36037276777.24202
1724321823984,32288470930.157654
1724324803000,36533242800.34164
1724328032421,36750121919.89757
1724332083766,37564778831.40181
1724335262209,38144967097.224
1724339490180,32399251643.644794
1724342428549,36045272409.49041
1724346197793,32938912387.927067
1724350524800,35692758046.56862
1724353490988,25929867863.134533
1724356988674,31155633354.450523
1724361560653,29966699002.45176
1724364974661,28682243888.656425
1724368796760,28904641342.0927
1724372348459,25626819488.579796
1724375490918,27727388963.7387
1724379262813,28256476053.167244
1724382540211,26897341192.804165
1724385615316,24145847742.032516
1724389952552,23490191472.90928
1724393919047,25631880157.950268
1724398016769,24820086827.895527
1724400933003,23103986581.58369
1724404829579,18304304046.565983
1724407307859,24203720949.284916
1724411090891,25697789150.060837
1724415355127,25262938877.3835
1724418385728,22510988585.44159
1724421741263,18221112883.239193
1724426064898,26572120709.062912
1724429824975,25259806610.378677
1724433740181,29192593917.866016
1724436141975,29930060557.332916
1724440389679,34343563232.631126
1724444260114,38901997830.791405
1724447174130,38623929483.36202
1724451768020,38708445737.40603
1724454963194,39397867715.47219
1724458225579,43697429334.04404
1724462342871,41899237344.95784
1724465384769,43762748181.90101
1724469334769,44492038311.86931
1724473247775,44861577048.32321
1724476475947,44545712273.05691
1724479913633,44622737390.09219
1724483802226,40658512362.10756
1724486748038,45118626213.56464
1724491241178,41874179754.38436
1724493680275,42296261372.908295
1724497566096,45288330774.653984
1724502128694,43900938632.8425
1724504791143,41757669078.97326
1724509244203,42251636421.42419
1724512479648,37743363686.67687
1724515438903,34129130244.223885
1724519877740,35148496628.18924
1724522756383,33506135440.84371
1724526428319,21710389563.34983
1724530889189,26675795476.571568
1724533313246,25353495178.94918
1724538320436,24358585963.911373
1724541643641,20836403942.597397
1724544178010,21315028265.76279
1724548224509,17825645636.05225
1724551295212,19394080274.62484
1724555516467,21578598408.404514
1724559245619,21451380327.731853
1724562935841,20939835865.076424
1724566271254,20505302364.147774
1724569844885,20091281172.30246
1724572989347,20045562368.66852
1724577098861,20534253962.61837
1724580186755,18964193188.19176
1724584080201,18848193572.004307
1724588510371,18478439592.075993
1724592197969,18109438898.76515
1724594857819,18289102846.295155
1724598767430,18796414176.668953
1724601714891,19910850568.483143
1724606233835,18041779789.457806
1724608968446,18510827569.663307
1724613758284,12872787550.568491
1724617558740,17780313690.594296
1724620605380,17912069525.834366
1724624379059,16584328610.932625
1724627618080,17397575500.818592
1724631652544,18665473254.51486
1724635124994,18874764289.883224
1724638493295,18074418209.23397
1724642159098,18771133001.170757
1724644981023,18192217499.608986
1724649249673,16356455760.758331
1724653479440,16411320775.45643
1724657144415,18270905212.525917
1724660686552,19622780336.682262
1724663805874,18521266783.417656
1724668344119,19578550459.30401
1724670946814,20727344159.39022
1724674370114,21289001196.738503
1724677636131,21901328697.07318
1724682235829,22892640680.360126
1724685881740,24635680621.37073
1724688841368,25836764337.363033
1724692658570,26053823777.625053
1724696648054,24506599973.09132
1724699734433,26301586815.481224
1724702623330,27847482684.881737
1724706124381,29336618273.859707
1724709670744,29539093273.079216
1724714649827,29232792888.299583
1724717646981,26540170389.061554
1724720420135,28300363258.266293
1724725233751,25626567472.80203
1724727652327,27557116444.249275
1724731869876,26916137297.621418
1724735866204,28982376959.538136
1724739372275,29023867015.947914
1724742433212,28677751019.686634
1724746153746,26660598619.957153
1724750731066,26940130105.661633
1724752827933,28072531307.406857
1724756485002,29266637568.18271
1724760972253,29421222746.682495
1724764790898,28735607319.480633
1724767917281,30854376357.91946
1724772707402,30419981274.14107
1724774971130,31858501820.48534
1724779261266,32178365992.118847
1724783034241,29726034754.504616
1724786601355,31920245961.971725
1724789697873,29770408808.378994
1724793186766,31184116572.568565
1724797179698,34824326175.04862
1724800845735,38431035511.572784
1724804481618,40203052532.70365
1724808184887,41135363515.60074
1724810992983,40481442508.1817
1724814579289,41930689840.455986
1724818489280,42193783047.52895
1724822140760,40046917855.42618
1724825320690,42140090070.29025
1724829634356,39902396464.99378
1724833258017,44303043643.50862
1724837015304,44628225093.67378
1724839233396,45029216400.96584
1724844212526,41696495771.592
1724847963871,45282535059.9387
1724850672735,44711507605.24026
1724854905260,41296031948.38429
1724857574901,45157377356.60026
1724861720749,45261168123.965675
1724865695469,47511845482.00191
1724869580540,48105739405.07537
1724871699269,48915763588.31483
1724875956838,48162129996.983635
1724879422406,51249047805.50726
1724883939192,40761637890.85089
1724887166970,42228384838.88684
1724890969750,40848991855.16773
1724894393345,39939886503.99838
1724897874023,36698448614.611305
1724900732701,36364794447.36397
1724905682482,36848862039.914536
1724908178163,37895170184.400406
1724912010909,37842370027.31956
1724916435879,37842107123.74154
1724918928147,36828428180.77595
1724923558994,33814513858.856457
1724925713444,32535502966.79381
1724929581930,34195110486.32484
1724933277984,33502466859.276867
1724937690444,34184086285.201298
1724941794283,36422333152.09036
1724944318233,33724083624.403152
1724949986427,33643340616.10374
1724951830569,33136914073.443123
1724955571744,32368985544.170303
1724960891552,33280807670.590614
1724963556528,33450112359.78558
1724967626305,32163477595.896908
1724971243041,32635823960.07664
1724975909200,32563333956.986053
1724978885275,32427461462.916965
1724984023457,32749494868.95205
1724987275878,30531746679.859028
1724991654847,32798944803.74987
1724995197308,31049867041.19126
1724997206902,33216468934.72779
1725002217452,33674151153.991535
1725005445811,34239434585.465954
1725009749180,33271915844.997738
1725013612466,34625072439.60077
1725015827130,34900000298.55154
1725020992296,34795208851.36704
1725023946216,36031097509.24717
1725026859916,34436501651.138725
1725030218438,38019308725.09252
1725036231592,42728470863.24299
1725039393812,43853113061.792854
1725042208784,41439694375.10712
1725045000685,42055284644.985985
1725050311034,43293663584.52069
1725054266104,43271272268.67955
1725056947047,43493994960.21358
1725060595120,43305348759.97258
1725063194286,43832419801.157486
1725067530504,43734512119.52362
1725070563860,43694052315.1793
1725074398511,41100784102.77233
1725078515887,43095725553.213005
1725080304012,43608234259.701996
1725084571835,40914487918.07245
1725087957116,42978404860.84818
1725090787111,42774979887.88688
1725095519153,32265125325.29336
1725097196168,42319876328.22789
1725100300796,41122907559.94791
1725105571251,40106852855.973236
1725108157091,39750108618.458984
1725110589809,38878041224.86732
1725114486037,21676471395.562782
1725117669031,20153850158.56702
1725121463056,17919128330.56782
1725125230420,15572440684.62114
1725128307585,14995193775.896658
1725131438921,13468134721.397549
1725135602859,13126748402.22098
1725139089648,12758274390.60152
1725143536383,11415657120.46144
1725146178319,12016129193.923159
1725150315044,9102455362.70061
1725152874835,11810832435.182934
1725157458893,11643154088.80513
1725159960384,11934214108.657248
1725164790080,13006369175.508516
1725168193153,12245291772.344189
1725171726913,14677292978.039211
1725174108804,15077116170.922565
1725179090636,15348692905.754196
1725182826456,14527619874.472439
1725185172499,14314041494.448067
1725189575774,15651057012.518167
1725192818870,15868406795.632809
1725197125824,16478260071.722103
1725201053240,18108296829.556904
1725204769240,19621704457.510185
1725208217988,20981543352.46272
1725211902296,20627400476.292347
1725214350685,21141902152.195293
1725218249978,21513758322.54273
1725222418771,21354505774.78389
1725226480509,21659429252.650314
1725229875640,22909222159.34404
1725232028501,23917975472.360626
1725236922319,25375522303.56775
1725240217555,26529723425.719093
1725244110882,26832298770.69757
1725247611920,26718966533.79723
1725250379733,25122134948.969006
1725254514888,28401576644.351387
1725257040229,26993799410.03563
1725261663401,26663193644.284924
1725264557481,24997778610.900444
1725268817671,28384855112.128044
1725271278042,27734563957.780132
1725275903223,30156680583.895454
1725279803642,30178156904.813847
1725282877221,29859256546.137737
1725285826988,29619354590.928356
1725290389051,27188809184.04674
1725293155019,28509176181.722603
1725296736421,28395911388.959923
1725301411825,27656709159.006336
1725304971934,27347904879.993217
1725308592699,25558269745.59055
1725312363950,30112067944.33893
1725315786692,30146495164.01631
1725319157107,28558777001.351887
1725322243157,27979771117.76178
1725326179033,24449785346.695454
1725329511818,11571444225.989836
1725333837209,26687800987.169903
1725336675322,26417747902.411755
1725340198429,24327909263.260902
1725343871586,16655931265.638678
1725348416687,26153640917.292503
1725351270826,24173965106.478897
1725354499486,24969932443.667694
1725359328679,22891897135.591362
1725362226682,23943589306.24526
1725366471171,21243623112.77177
1725370134844,21760364324.909264
1725372996785,24829902506.82858
1725376920470,26652585452.718815
1725380788382,21861025630.172676
1725383721316,25501740850.450264
1725387528195,27484869560.095158
1725391726595,23216743566.34745
1725394851125,26296467873.574223
1725397457456,24384489685.471153
1725402356536,25116780148.240513
1725405513845,24493247065.323475
1725409245255,23400544996.785976
1725412661581,28391074641.106064
1725416376045,31722469787.029667
1725419304206,31666787782.388958
1725423758204,31740625485.301353
1725426309881,31627517640.994686
1725431515071,32967370303.503532
1725434698631,31494175230.207073
1725437653317,28074258389.54138
1725442013070,33531907009.502327
1725445540752,34201759160.0826
1725448540693,33955647736.88728
1725452773012,34132536224.298615
1725455268377,33478160338.119267
1725458603808,30322369456.787388
1725462285120,32276443456.708263
1725465831883,35742646054.81543
1725469518966,35236551935.887375
1725474500856,35978961211.908615
1725477871005,18996280475.465763
1725481279518,37814060635.48198
1725485048613,34859855737.24924
1725487645517,36176221255.59897
1725491249393,36926192928.33647
1725495556085,36799545263.67699
1725499031456,31561878379.840237
1725502415910,32629070639.605114
1725505312756,28967425689.705563
1725509860566,29903818549.998043
1725513414214,32876828555.16179
1725517182070,31606347889.14144
1725521066360,29590883775.461178
1725524003280,30597745137.232544
1725526974747,30774944475.640682
1725531861186,31397562168.37418
1725534074162,28596704528.625294
1725538350808,28350823276.824364
1725541601909,29937138504.11712
1725547073909,32097467591.9451
1725550011074,31703704488.396385
1725553131984,32222151123.87809
1725557079946,31706812307.74803
1725560499510,31464804710.697655
1725563893204,31205962872.39841
1725567768132,31585726035.33676
1725571491585,31319850523.60114
1725574356493,32229635156.82407
1725578473477,24564188268.215935
1725581918982,30661210866.0207
1725584791343,31939413883.30881
1725588058805,31424703979.25722
1725592682900,31885914360.456463
1725596347264,27406976007.431717
1725600211476,26865938045.852383
1725603034432,26963156612.227974
1725606656930,29414063599.280647
1725610438263,33442263065.34835
1725613302670,31440315962.5153
1725617675334,33792838049.176556
1725621646038,32598482413.723503
1725625292661,31562722755.1753
1725628670725,36681461357.72453
1725632665512,35963377743.16736
1725635934484,39210570142.4018
1725638620890,36910213772.43913
1725643404577,40894406314.02234
1725646492556,41035465669.07291
1725649971101,44983564366.48231
1725653092244,47161614672.4522
1725657945348,49820578226.48548
1725661568749,47009417086.72803
1725664277062,50804781124.31453
1725667409568,51516335695.18427
1725671071148,49791616371.27248
1725674719714,50385330240.57677
1725678936881,49794998629.56399
1725682041612,49264427971.86347
1725685737457,46335230903.86771
1725689430042,50673859138.15183
1725692776981,51161706955.91645
1725696329138,47957284442.25527
1725699990058,48519904420.90845
1725704175798,47986578605.22137
1725708023563,46820521429.25276
1725710861731,45788596941.149254
1725714267656,44202456915.31717
1725718869660,39820242805.71685
1725722658763,32524997612.834717
1725724856547,32264607033.073353
1725728549194,20918335627.811016
1725733249380,26372903841.80298
1725736173390,25105063571.57628
1725739687046,23054431311.986576
1725743630979,20076387887.11049
1725747388541,18938561476.54742
1725751322680,18910424860.957165
1725754658334,18726033043.42765
1725758185965,18064498667.044636
1725761599138,16131922851.052288
1725764950446,17892063797.59579
1725768976550,17462159486.759792
1725772437320,14678198220.907204
1725776066880,17214351779.902935
1725779633359,17038516414.31378
1725783055126,10460634171.84424
1725787398179,15911221722.678135
1725790765429,16023041093.565018
1725793461944,15800295432.431564
1725796939831,15484157929.013672
1725801099103,15703437037.616034
1725804322096,14119759970.117577
1725808014815,15037719663.158007
1725811649562,15607597054.644737
1725815190106,14584945247.778112
1725819230003,15856332043.508419
1725822900031,15783845929.185286
1725826241531,15770335897.721409
1725829439788,14520443217.956713
1725833588785,15802910331.412928
1725837007309,17864796510.32737
1725840022363,18644823662.23431
1725844193045,18248556393.751434
1725848097725,18855662205.897438
1725851987240,20558498859.862244
1725854851828,19968717817.181206
1725858942212,22105616265.58449
1725862185224,22277958561.92693
1725866852808,21759520860.45576
1725869059131,21117529197.985474
1725872964597,23867866954.394596
1725876449713,22513422126.19386
1725880729165,22085402478.256054
1725883690338,20833333845.181427
1725886970149,24990170474.61149
1725890943939,26388203693.23896
1725894530883,28296502189.593914
1725898098662,28059985741.159264
1725902755758,30782304001.617447
1725906472438,32991055863.9527
1725910021188,34449324667.94276
1725913419586,36740114968.58563
1725917280813,34828367572.63576
1725919559240,35698944901.908134
1725923142704,30653940008.67785
1725927835734,30151930919.654762
1725931462157,35192682392.83907
1725934879937,34822280418.18525
1725937458584,34840771489.02772
1725940830038,35132406966.51558
1725945839104,35153294969.65701
1725949250726,31741412423.99399
1725952950582,33744829530.778152
1725955991920,35819290835.73562
1725959982252,35847098654.181366
1725963818174,35083223869.91622
1725967176357,35814269089.96778
1725970897149,31853008506.685474
1725974429798,35242962732.710915
1725977704293,36692076792.77113
1725982078992,33256509367.809113
1725984564000,34861919599.69416
1725987997171,33042259351.23779
1725993144363,32456046284.222107
1725997452525,31193476325.239952
1725998967217,32634282915.697857
1726003732008,30416956907.648685
1726006892044,29826210967.418415
1726010926051,30204608840.596916
1726015039646,24674314104.63432
1726017741308,28651362604.71626
1726021723657,27300299567.670578
1726023806533,30411307139.14568
1726028027950,30993133880.7761
1726031800606,31964023963.31975
1726034791146,31664546421.781624
1726038156575,31938568989.97931
1726041648207,32024820699.726143
1726046482115,31288080967.278873
1726050179231,30788082275.08353
1726052940595,32199257965.67864
1726056986763,32257703196.011326
1726060836203,32684044386.433636
1726063889911,29872179649.2493
1726067022377,35871484125.89518
1726071210253,37152983641.63973
1726074897475,37123733430.67594
1726078754598,39330770023.254395
1726082627078,36477575861.73477
1726086298756,34973499338.960205
1726088890663,38025989777.80743
1726092347392,38575869005.31838
1726095867628,36059584140.39603
1726100719229,33012962625.27473
1726103118906,33625232771.95292
1726106531215,36688286574.523186
1726114162229,37468680926.214386
1726117980001,36932229536.276566
1726120823288,37580389225.773
1726125316997,38240480081.12581
1726129145908,34307489388.385017
1726133077018,33985414896.981964
1726137234973,35701696661.83099
1726140752965,34337772346.402763
1726144069787,32208154651.03901
1726146599222,36604724384.24926
1726150742326,35455953831.31938
1726154366910,36372907426.50306
1726158107608,33680794207.39423
1726160602411,33977906304.768463
1726165065424,32453394495.35119
1726168349083,23054553959.20901
1726171360622,27974860677.451046
1726176252837,33030718917.45811
1726179717845,34478478107.97224
1726182405074,33125747074.292366
1726186072836,27321564367.49524
1726189389293,33771301990.08192
1726192957579,33693698328.10381
1726196574322,31782184260.19109
1726200996263,29039859110.69669
1726203639856,27589632534.30331
1726208136991,27326080239.18005
1726211136320,30462971536.701035
1726214446813,20113270826.398422
1726218018119,29977875527.01887
1726221863662,24658972109.302006
1726226591893,29473869781.362755
1726229549025,26501849822.77888
1726232775950,29434496507.432396
1726236094046,26054504331.723717
1726240227063,25083035659.26962
1726244352119,30646758818.152084
1726248477190,28555866697.04498
1726250625831,31325946879.65928
1726254882363,31234955860.22963
1726258307201,30200233717.044918
1726261574778,24924986008.477043
1726265272592,28782403706.929085
1726269534265,30575149470.35466
1726272037743,31919740723.76027
1726276741865,28938847743.69535
1726280502164,32912380188.51401
1726284114918,31014022965.554684
1726287195135,28774750306.55006
1726291074678,32352124839.973816
1726294419026,30513528805.95137
1726297562185,30654046712.428898
1726302372408,32262000922.974888
1726305936898,32663546929.914158
1726308445118,30514593592.390182
1726311972821,29882545732.86241
1726316278030,30456674488.864475
1726319174982,30975870688.28202
1726323051966,26523042210.28331
1726326919915,27833819805.8884
1726329781239,24719992341.42168
1726334063409,22534078084.385754
1726337348526,21148455994.345306
1726341469291,21122894209.132305
1726344240302,19548426571.95684
1726348529737,19627086833.751915
1726351398412,14033638829.869658
1726355699906,14768895642.836746
1726358509855,16010817957.006763
1726362807988,15294159620.236698
1726366717761,14877125195.918423
1726370033203,13154675485.45605
1726373696688,13486369886.155762
1726377434781,13740595344.45451
1726381340532,11636316304.562607
1726384976679,13363425720.666336
1726387319601,11948133998.732101
1726391917629,12560400185.22768
1726395821125,11412052293.726028
1726398074828,12343799218.01183
1726402575480,11091601723.631409
1726405536730,11521676619.153282
1726409817359,11948065521.2492
1726413894489,12892001657.520235
1726417465749,13027048058.269056
1726420549458,13327097998.963974
1726424293288,11031518691.637226
1726427203254,13943638900.953657
1726431955554,13265228499.823977
1726434587921,14236819802.587107
1726439087952,15187146892.83535
1726442523408,16460342736.533535
1726445743588,18337531493.740253
1726449099651,18948832383.51626
1726453548462,21173338818.708607
1726457201959,21486488160.468193
1726459219970,20880198810.690247
1726463009466,22775616450.751923
1726466505778,23615893761.010376
1726470272052,20254364961.072636
1726474545266,23065164532.48006
1726477906676,24713332783.82216
1726482051296,27194995983.552532
1726485700466,24871502376.06345
1726488948316,28037932826.327576
1726493336531,26346904539.865765
1726496487555,30215678628.376965
1726500254957,29054691117.724895
1726503201957,31845826548.208237
1726506083393,29839497126.245663
1726509877581,30864411479.602417
1726513446307,34188697458.593964
1726517215189,34162380401.66064
1726522229472,34083894777.208496
1726525484764,33291593455.353455
1726529204166,31305194172.61776
1726532783218,31746210526.781677
1726536122024,21181052568.721634
1726539638398,30002818200.29191
1726542950113,28933666882.531586
1726546334393,29115620470.28405
1726549626172,28159250825.20728
1726553323996,28567713161.912827
1726557123933,27964438585.153416
1726561098919,28204604156.47676
1726564918164,27913266966.478203
1726568892059,25304140000.9373
1726572224052,28622183247.95751
1726575232489,28947689079.657063
1726579382451,29699683860.347218
1726582077073,29055841321.759052
1726586765619,29428077396.750866
1726589249396,35826700052.41475
1726592419953,34327355736.5697
1726596483383,35794988816.68902
1726600341842,33571348311.163513
1726604299992,37719678237.46303
1726608548124,38432353810.018005
1726612102530,34569259904.33748
1726615649414,38297570199.67322
1726618946634,38345053076.503105
1726622554412,38417592301.10885
1726624983472,38555210579.77414
1726628581414,39013354549.00227
1726632758090,39195349542.690544
1726636092885,40466370935.756256
1726640170567,39200767133.36169
1726644413525,40187357755.2677
1726647237996,36764756933.06752
1726650359655,38963241918.630806
1726654336099,39719038124.97462
1726658939003,38387655216.44212
1726660948020,40488462469.4511
1726665406743,37931377325.134674
1726668843117,39282585931.25297
1726673326804,34448704486.11122
1726676467770,32955040439.047935
1726679845914,29235593843.044865
1726683114527,34064296564.400547
1726687149489,39064989182.02266
1726689809462,40040005089.557335
1726694799757,40335103656.21749
1726698617981,40082367149.71366
1726702124514,40880547419.01115
1726704161765,42833712988.22704
1726708611601,43527127242.6267
1726712494748,46494549186.85975
1726716223035,48215516217.01799
1726718906360,43310826150.89654
1726722331125,47125243300.46707
1726726709603,45144865112.979675
1726730622344,48211259500.181564
1726733856477,45386831696.898674
1726737540372,49063904845.532036
1726741417263,47744298112.467255
1726744809290,48422473822.95352
1726747649469,32720013599.33649
1726751791692,52239021532.94081
1726755441189,54055769606.44209
1726759472840,53594999651.058174
1726761715551,54691719101.788795
1726765275097,56382834335.57569
1726770452120,53648228800.70506
1726774033911,48107577513.225716
1726777746364,46224613246.961624
1726780878845,46245353497.263626
1726784333370,45021760407.68042
1726788500896,45287343809.70659
1726792165189,39077675638.63412
1726795564942,40212989881.93806
1726799096792,35616365378.36382
1726801990353,33147195166.85499
1726805337641,40392014530.54637
1726809341927,42042795850.60663
1726813075871,43239621616.55944
1726815852893,42934932694.623634
1726820690258,39417654641.09516
1726824222183,43963967199.54622
1726827024006,41500429177.40335
1726830776049,43635407736.744606
1726834386380,43349164880.75726
1726838408273,41287759529.18795
1726842677238,37251561640.97906
1726846566643,40759342788.60495
1726849955779,38647969132.75155
1726852819139,38884763766.97505
1726855937861,38398191666.23529
1726859670216,37144383449.7864
1726863231163,37354389476.7856
1726867436556,35774203418.71742
1726870959713,36694879899.39614
1726873678779,35604442333.07356
1726877659860,35836906510.96763
1726882037941,35836207324.158806
1726884572491,32012051136.45076
1726889184452,33895194041.07216
1726892697689,30923932239.554836
1726895387759,27904210648.034645
1726898593240,26233307692.25497
1726902393571,28157319382.523975
1726907238339,23899478942.33449
1726909735813,23950952204.76665
1726914584822,25563917505.57575
1726917981017,21419766303.058857
1726920312569,23779634539.061863
1726923682535,23758734310.070568
1726927531257,15189011354.14499
1726932676786,17958084485.662403
1726935025205,16276154164.955776
1726939116027,17402624888.582146
1726943333920,15592685208.910091
1726945527905,14905289300.927704
1726948820141,14584504560.995872
1726953762641,11652518838.58034
1726956936593,13537329775.804031
1726959788495,11471902385.262539
1726963753430,12275160396.676826
1726967548381,13748488838.197155
1726971153641,12298056278.061367
1726975231663,13669799709.754929
1726979253332,13840366234.87289
1726981252689,13641576098.10314
1726984879443,13447296799.871477
1726988462642,12177631017.45968
1726992649291,13657255959.62786
1726996481333,13785484627.44775
1727000621910,13891832856.905901
1727003333665,12922907850.122269
1727007804547,14724575285.066236
1727010597629,14423309920.940268
1727014698726,14658343788.673237
1727018099305,14052456512.877844
1727021757631,14507799726.395023
1727024732046,14953423831.077665
1727029529284,15798513605.42143
1727032430770,14737544466.946909
1727035850287,15890602937.930117
1727040317650,15300207131.565077
1727042651249,17101350502.358227
1727046633974,18724886004.924908
1727050243712,20807652606.501373
1727054442597,22196005925.971027
1727056940543,22791512373.07826
1727061728672,24474984657.611523
1727064099283,26133038418.771843
1727069159881,27840620740.84375
1727072365009,24311062020.867054
1727075255559,26880011089.550137
1727078960068,29410309561.444077
1727082545646,29780934571.358555
1727085662563,27901665549.637505
1727089935368,30356558862.80341
1727093988901,30974005647.04036
1727096841052,31417865709.125828
1727100554179,32236053350.181057
1727104243065,34053381953.916393
1727107955327,22112959037.081467
1727112120390,32560259820.82313
1727115923776,31813214403.020454
1727118841535,35903922942.92079
1727122479731,35872666097.568115
1727126889772,36010430553.44537
1727129971814,35153416850.5561
1727132560056,33319574238.626705
1727137349108,32079788893.051517
1727139876435,31976605171.345013
1727143293527,31128542679.440628
1727147681485,30766609706.68481
1727151577210,28911291205.993977
1727155195048,24839182421.356323
1727158741566,28198713800.51954
1727161960179,26900143195.728
1727165270571,27145277861.1461
1727168732093,25550975157.632607
1727172582245,24260855100.615303
1727176796676,23735840748.752644
1727180870768,28123441028.893356
1727183090047,24409586430.34874
1727186558324,27878259494.72399
1727190794835,28597944160.088787
1727193886047,28647208043.993217
1727197439099,27131930160.385567
1727200846602,13658241796.568977
1727205885644,29243266052.295628
1727208296832,26216961794.120087
1727212036777,31009535855.077877
1727216307293,30989128274.28554
1727220432713,31610414074.036438
1727224278488,28114214875.225956
1727227550691,31178572344.656853
1727231204535,31889797286.941673
1727233303687,28635261492.913174
1727236864291,30799497435.718185
1727240673809,30959782771.89146
1727244501672,30725658269.559715
1727248304461,29987986156.944366
1727252225023,28503174721.914413
1727256569660,28606337753.054638
1727259184804,30428473294.938
1727263314632,30386969872.60063
1727266842038,28523662732.13175
1727270605015,27632789293.725327
1727273747797,29407739975.61546
1727276780610,25018431626.66714
1727281322543,26384169661.21904
1727284746142,27743596139.236862
1727288341979,27962271440.621635
1727291095623,27143611019.4673
1727295979482,26711731892.349094
1727298671999,25222168886.47433
1727302495295,25946099729.66387
1727306068463,25187698262.642834
1727308900903,24649605786.478275
1727313814072,25159770263.868805
1727316528006,23570498714.18807
1727320308363,22022909945.21453
1727323748754,22812351479.983612
1727326940693,25446007881.38661
1727331798025,25906877323.03176
1727335138108,24965330005.799763
1727339050531,25414663990.04529
1727342466922,25078864979.82871
1727345986258,25163236137.313366
1727349628806,26605611429.15853
1727352927948,26977737790.92475
1727356995518,28570785023.44476
1727360575144,29921092809.087833
1727363250565,30989686644.755356
1727368370084,35781842401.482056
1727371531806,34992296669.63413
1727373645136,34001517853.243107
1727378375230,34688696425.39862
1727381800853,37450746395.28041
1727385203920,35466003729.5534
1727388554079,39084931712.53403
1727391692245,37992298260.53249
1727396754125,39198570104.90428
1727400728487,38482558071.42006
1727403048827,38179515960.4863
1727407744729,37351634674.834885
1727409752380,37344110130.933495
1727413633394,38474611810.71603
1727417213385,38596427939.30662
1727420856844,37690295648.09788
1727424189207,40191307033.7601
1727427815550,37824243800.03588
1727431340202,40692075902.435196
1727435520299,40483850659.99578
1727439126775,39349372951.13054
1727442695040,37380566151.64325
1727445862433,40076168535.79559
1727449916644,38637747622.22189
1727453221837,36691496923.364845
1727456498227,36100902737.50759
1727460095419,30505352598.61022
1727464058905,32503935245.213074
1727467324682,34353524967.0965
1727471487135,33536938383.175407
1727474682768,33209566368.515034
1727478131549,30658982622.380352
1727481997225,31831582235.961586
1727485928057,31471456461.02456
1727488938222,31048246468.248714
1727492501118,30901458441.648983
1727496474537,27782855383.38874
1727500356543,27826910307.088703
1727503405822,29973638238.278534
1727506913359,27144028232.61901
1727510498175,16725701247.984798
1727514071146,23933407925.93643
1727518005139,26475821119.198
1727521851384,25879080929.029854
1727525206918,25356505828.366585
1727528674331,24361498648.717613
1727532721230,22258439036.87887
1727536131847,20130950780.6991
1727539790434,17860799765.07018
1727543008658,17662252796.896954
1727546417918,16498769414.017971
1727550325153,14863215943.159388
1727553867840,14696895559.682919
1727557574140,14881711951.795876
1727561556512,14466918898.53694
1727564649780,15196288300.089008
1727568044174,14916172777.359102
1727571996497,15473592854.61263
1727575596679,14158973525.282303
1727579240519,15197412028.387403
1727582619978,11158887487.882122
1727586083823,12048926556.554502
1727589732621,10994707955.327698
1727593309276,14015816440.775291
1727596963123,10948911879.575562
1727600536675,12509485741.454447
1727604701665,13641271962.732239
1727607963144,12351191035.002604
1727611793705,13843492246.068546
1727615073325,12516718328.793331
1727618459361,12903954964.64135
1727622549780,12312958404.06331
1727625765809,14022464235.283731
1727629745038,10995959580.557524
1727632953725,13965272497.39716
1727637188737,10772268815.834097
1727640756240,13772997963.984417
1727643703294,12617162111.05106
1727647357324,13755965464.53731
1727651660083,14288346914.244808
1727655284095,13511449567.121477
1727658460220,13395605808.974344
1727661878635,16042442565.690918
1727665358961,16672727842.54746
1727669706679,18714388488.573044
1727672857746,20276916870.08372
1727676097128,20533948853.284687
1727679847138,21298461137.58135
1727683281630,19881389922.41039
1727687057185,20734005056.15318
1727690620760,24700310935.448505
1727694374198,26995319566.78668
1727698003765,27378679432.841194
1727701315828,28409101576.953945
1727705184297,27806861220.115128
1727708529097,29809367989.74998
1727712506364,29858402492.456776
1727715838112,32171104126.23641
1727719475363,33527087860.84968
1727723244807,34365672251.08156
1727726889322,32149020727.823193
1727730203540,33238983245.77315
1727734111129,37258635002.47635
1727737390079,37791430893.278175
1727741325670,37787434955.98109
1727744414828,39190958645.629745
1727748205557,34068228820.624638
1727751817302,37059152154.21421
1727755464632,36388186855.194534
1727759399607,33812683015.56002
1727762840390,34520654805.49547
1727766440351,33761087586.12848
1727770105875,34518230997.392
1727773724548,36389239059.16025
1727777441708,34822353283.17147
1727778652000,33708039853.420135
